episode,time_h,completed,attempts,errors,err_rate,mp_r,mp_h,w_hat_r,w_h,wage_parity,prod_parity,profit,lambda_dual,err_target,episode_reward,episode_steps,policy_loss,value_loss,entropy,kl_divergence,novelty,mean_weight,p90_weight
0,1.0,111,141,30,0.2128,111.0,60.0,9.68,18.0,0.5379,1.85,9.58,0.0,0.06,663.9,60,0.549358,19518.188477,1.420288,-0.463076,0.6354,1.0,1.2597
1,1.0,115,135,20,0.1481,115.0,60.0,17.46,18.0,0.9702,1.9167,17.36,0.0,0.06,942.36,60,3.850047,36994.085156,1.423306,-0.638099,0.9604,1.0,1.3054
2,1.0,97,112,15,0.1339,97.0,60.0,16.11,18.0,0.8949,1.6167,16.01,0.0,0.06,1248.48,60,0.521213,63442.486328,1.426248,-0.473085,0.9482,1.0,1.3861
3,1.0,121,148,27,0.1824,121.0,60.0,14.23,18.0,0.7903,2.0167,14.13,0.0,0.06,1044.63,60,0.283549,50495.850391,1.428087,-0.274856,0.8273,1.0,1.3214
4,1.0,101,133,32,0.2406,101.0,60.0,6.0,18.0,0.3333,1.6833,5.9,0.0,0.06,379.19,60,0.276945,9185.909863,1.429262,-0.320564,0.6758,1.0,1.3753
5,1.0,128,145,17,0.1172,128.0,60.0,23.39,18.0,1.2996,2.1333,23.29,0.0,0.06,1578.28,60,0.57484,113756.480469,1.430369,-0.229934,0.964,1.0,1.3537
6,1.0,120,141,21,0.1489,120.0,60.0,18.13,18.0,1.0071,2.0,18.03,0.0,0.06,914.92,60,0.51917,40161.122656,1.431203,-0.303866,0.9141,1.0,1.4296
7,1.0,123,140,17,0.1214,123.0,60.0,21.96,18.0,1.2202,2.05,21.86,0.0,0.06,1534.67,60,0.171314,113932.9375,1.431938,-0.283854,0.5696,1.0,1.3013
8,1.0,109,130,21,0.1615,109.0,60.0,15.09,18.0,0.8385,1.8167,14.99,0.0,0.06,897.78,60,0.187862,35803.5125,1.432464,-0.447159,0.6453,1.0,1.402
9,1.0,104,120,16,0.1333,104.0,60.0,17.33,18.0,0.963,1.7333,17.23,0.0,0.06,833.62,60,0.816137,42326.6375,1.433063,-0.438505,0.5897,1.0,1.2781
10,1.0,101,115,14,0.1217,101.0,60.0,18.0,18.0,1.0002,1.6833,17.9,0.0,0.06,1124.99,60,0.604303,56578.050391,1.433953,-0.360619,0.7919,1.0,1.3694
11,1.0,113,131,18,0.1374,113.0,60.0,18.37,18.0,1.0207,1.8833,18.27,0.0,0.06,897.08,60,0.765277,41976.130859,1.4349,-0.295529,0.6316,1.0,1.3323
12,1.0,121,144,23,0.1597,121.0,60.0,16.97,18.0,0.943,2.0167,16.87,0.0,0.06,1415.48,60,0.601792,98890.264844,1.43585,-0.473241,0.7732,1.0,1.2691
13,1.0,103,115,12,0.1043,103.0,60.0,20.15,18.0,1.1196,1.7167,20.05,0.0,0.06,1339.3,60,0.585164,79396.9875,1.436651,-0.463215,0.8447,1.0,1.3095
14,1.0,102,118,16,0.1356,102.0,60.0,16.77,18.0,0.9316,1.7,16.67,0.0,0.06,1492.3,60,0.915602,82206.753906,1.437389,-0.437544,0.6428,1.0,1.3628
15,1.0,108,130,22,0.1692,108.0,60.0,14.12,18.0,0.7846,1.8,14.02,0.0,0.06,1143.9,60,0.526829,66178.498047,1.438167,-0.549088,0.5951,1.0,1.2498
16,1.0,117,142,25,0.1761,117.0,60.0,14.5,18.0,0.8056,1.95,14.4,0.0,0.06,1426.17,60,0.292593,84882.0625,1.438899,-0.350427,0.741,1.0,1.3053
17,1.0,108,129,21,0.1628,108.0,60.0,14.82,18.0,0.8233,1.8,14.72,0.0,0.06,814.12,60,0.696188,29335.992383,1.439547,-0.491992,0.6931,1.0,1.2541
18,1.0,98,117,19,0.1624,98.0,60.0,13.49,18.0,0.7492,1.6333,13.39,0.0,0.06,698.28,60,0.783837,24644.749023,1.440509,-0.495277,0.724,1.0,1.3332
19,1.0,121,149,28,0.1879,121.0,60.0,13.56,18.0,0.7534,2.0167,13.46,0.0,0.06,923.62,60,0.213438,42220.167969,1.441564,-0.303348,0.5662,1.0,1.319
20,1.0,114,132,18,0.1364,114.0,60.0,18.65,18.0,1.0364,1.9,18.55,0.0,0.06,1659.39,60,0.211106,121901.061719,1.442278,-0.399174,0.6388,1.0,1.3751
21,1.0,111,130,19,0.1462,111.0,60.0,17.08,18.0,0.9487,1.85,16.98,0.0,0.06,1299.1,60,1.201793,77156.050781,1.442836,-0.471837,0.5509,1.0,1.3405
22,1.0,102,125,23,0.184,102.0,60.0,11.83,18.0,0.6573,1.7,11.73,0.0,0.06,1010.9,60,1.443371,46921.825391,1.443859,-0.477894,0.9889,1.0,1.312
23,1.0,112,130,18,0.1385,112.0,60.0,18.09,18.0,1.0051,1.8667,17.99,0.0,0.06,979.91,60,0.413832,46175.013281,1.445333,-0.390738,0.7546,1.0,1.4432
24,1.0,117,134,17,0.1269,117.0,60.0,20.26,18.0,1.1254,1.95,20.16,0.0,0.06,1102.2,60,1.573143,47319.288672,1.446694,-0.554562,0.8047,1.0,1.482
25,1.0,108,128,20,0.1562,108.0,60.0,15.52,18.0,0.8625,1.8,15.42,0.0,0.06,1162.63,60,0.231558,54055.817188,1.448313,-0.532702,0.5535,1.0,1.3482
26,1.0,116,139,23,0.1655,116.0,60.0,15.61,18.0,0.867,1.9333,15.51,0.0,0.06,933.4,60,0.166004,44195.760547,1.4494,-0.274152,0.8656,1.0,1.2816
27,1.0,121,136,15,0.1103,121.0,60.0,22.95,18.0,1.2752,2.0167,22.85,0.0,0.06,1146.74,60,1.44542,65169.900391,1.450276,-0.542931,0.6268,1.0,1.3183
28,1.0,123,143,20,0.1399,123.0,60.0,19.7,18.0,1.0943,2.05,19.6,0.0,0.06,789.47,60,0.522989,28658.77168,1.451546,-0.402873,0.626,1.0,1.2947
29,1.0,102,132,30,0.2273,102.0,60.0,7.42,18.0,0.4121,1.7,7.32,0.0,0.06,407.21,60,0.515651,7936.812549,1.452878,-0.455839,0.6819,1.0,1.4464
30,1.0,128,146,18,0.1233,128.0,60.0,22.62,18.0,1.2566,2.1333,22.52,0.0,0.06,1488.98,60,0.096402,94982.270312,1.454336,-0.33589,0.9382,1.0,1.4653
31,1.0,108,131,23,0.1756,108.0,60.0,13.44,18.0,0.7466,1.8,13.34,0.0,0.06,474.04,60,0.501965,12088.08916,1.455305,-0.377328,0.5809,1.0,1.2557
32,1.0,132,152,20,0.1316,132.0,60.0,22.23,18.0,1.2351,2.2,22.13,0.0,0.06,1204.29,60,1.013857,68785.226562,1.456486,-0.511189,0.5548,1.0,1.3852
33,1.0,123,140,17,0.1214,123.0,60.0,21.96,18.0,1.2202,2.05,21.86,0.0,0.06,934.46,60,1.213244,55183.710938,1.457706,-0.427358,0.6921,1.0,1.3119
34,1.0,116,137,21,0.1533,116.0,60.0,17.02,18.0,0.9455,1.9333,16.92,0.0,0.06,923.99,60,7.643028,39096.661328,1.459916,-0.434912,0.953,1.0,1.3935
35,1.0,120,144,24,0.1667,120.0,60.0,16.0,18.0,0.8889,2.0,15.9,0.0,0.06,1474.5,60,0.283469,80391.852344,1.463972,-0.417049,0.9096,1.0,1.3795
36,1.0,123,155,32,0.2065,123.0,60.0,11.51,18.0,0.6392,2.05,11.41,0.0,0.06,769.25,60,0.107865,23701.172461,1.46627,-0.394404,0.8032,1.0,1.2869
37,1.0,139,168,29,0.1726,139.0,60.0,17.71,18.0,0.9837,2.3167,17.61,0.0,0.06,1209.03,60,0.253952,70308.966406,1.4675,-0.368587,0.7119,1.0,1.2981
38,1.0,113,133,20,0.1504,113.0,60.0,16.91,18.0,0.9393,1.8833,16.81,0.0,0.06,875.53,60,0.228784,39758.680859,1.46826,-0.319088,0.7968,1.0,1.2252
39,1.0,126,145,19,0.131,126.0,60.0,21.29,18.0,1.1828,2.1,21.19,0.0,0.06,1259.86,60,0.370164,74458.458594,1.468884,-0.338817,0.6958,1.0,1.3044
40,1.0,111,136,25,0.1838,111.0,60.0,12.9,18.0,0.7164,1.85,12.8,0.0,0.06,883.08,60,0.2462,35868.577344,1.469455,-0.307392,0.9951,1.0,1.4154
41,1.0,125,145,20,0.1379,125.0,60.0,20.26,18.0,1.1255,2.0833,20.16,0.0,0.06,1076.83,60,0.778609,55238.345312,1.470176,-0.464851,0.8812,1.0,1.2615
42,1.0,117,134,17,0.1269,117.0,60.0,20.26,18.0,1.1254,1.95,20.16,0.0,0.06,950.15,60,0.280965,55054.238672,1.470986,-0.435423,0.742,1.0,1.3517
43,1.0,124,144,20,0.1389,124.0,60.0,19.98,18.0,1.1099,2.0667,19.88,0.0,0.06,1432.33,60,1.409147,83546.479688,1.47175,-0.534613,0.994,1.0,1.3515
44,1.0,121,147,26,0.1769,121.0,60.0,14.9,18.0,0.8277,2.0167,14.8,0.0,0.06,624.53,60,0.400164,20406.759961,1.472643,-0.293503,0.8927,1.0,1.241
45,1.0,119,149,30,0.2013,119.0,60.0,11.74,18.0,0.6522,1.9833,11.64,0.0,0.06,753.1,60,0.289245,20560.145898,1.473614,-0.393023,0.5498,1.0,1.4304
46,1.0,129,152,23,0.1513,129.0,60.0,19.18,18.0,1.0656,2.15,19.08,0.0,0.06,1144.39,60,1.292437,51352.812109,1.474808,-0.481964,0.7141,1.0,1.338
47,1.0,120,156,36,0.2308,120.0,60.0,8.31,18.0,0.4615,2.0,8.21,0.0,0.06,1064.08,60,0.201224,46056.491797,1.476041,-0.392229,0.5551,1.0,1.3317
48,1.0,123,148,25,0.1689,123.0,60.0,16.12,18.0,0.8957,2.05,16.02,0.0,0.06,1009.39,60,0.484846,47857.239844,1.477001,-0.372194,0.6255,1.0,1.3706
49,1.0,117,142,25,0.1761,117.0,60.0,14.5,18.0,0.8056,1.95,14.4,0.0,0.06,1081.5,60,0.55318,52516.179688,1.477862,-0.326604,0.8494,1.0,1.4221
50,1.0,132,158,26,0.1646,132.0,60.0,17.88,18.0,0.9932,2.2,17.78,0.0,0.06,931.96,60,0.334281,41420.805078,1.478668,-0.473968,0.548,1.0,1.4464
51,1.0,111,129,18,0.1395,111.0,60.0,17.81,18.0,0.9895,1.85,17.71,0.0,0.06,1409.75,60,0.860907,79968.983594,1.479513,-0.371433,0.718,1.0,1.3144
52,1.0,135,172,37,0.2151,135.0,60.0,11.46,18.0,0.6366,2.25,11.36,0.0,0.06,761.35,60,0.197462,24854.717383,1.48057,-0.275132,0.8113,1.0,1.447
53,1.0,127,147,20,0.1361,127.0,60.0,20.82,18.0,1.1567,2.1167,20.72,0.0,0.06,1494.37,60,0.717248,94263.352344,1.481516,-0.576692,0.842,1.0,1.3639
54,1.0,126,154,28,0.1818,126.0,60.0,14.89,18.0,0.8273,2.1,14.79,0.0,0.06,807.6,60,0.28912,24566.975586,1.482251,-0.437005,0.5316,1.0,1.4817
55,1.0,128,163,35,0.2147,128.0,60.0,10.92,18.0,0.6064,2.1333,10.82,0.0,0.06,690.89,60,0.417987,19129.191797,1.483101,-0.327773,0.6596,1.0,1.3865
56,1.0,127,153,26,0.1699,127.0,60.0,16.52,18.0,0.9177,2.1167,16.42,0.0,0.06,1388.81,60,0.109512,87236.394531,1.484099,-0.408915,0.6356,1.0,1.2897
57,1.0,105,133,28,0.2105,105.0,60.0,9.39,18.0,0.5219,1.75,9.29,0.0,0.06,591.35,60,0.698995,17491.402539,1.484946,-0.39247,0.9706,1.0,1.3792
58,1.0,145,166,21,0.1265,145.0,60.0,25.16,18.0,1.3976,2.4167,25.06,0.0,0.06,1508.24,60,0.172596,112565.74375,1.485996,-0.308952,0.8705,1.0,1.3685
59,1.0,102,124,22,0.1774,102.0,60.0,12.5,18.0,0.6946,1.7,12.4,0.0,0.06,772.94,60,0.428007,25556.442383,1.486818,-0.439162,0.6144,1.0,1.3219
60,1.0,139,173,34,0.1965,139.0,60.0,14.38,18.0,0.799,2.3167,14.28,0.0,0.06,1168.67,60,0.684581,61624.744141,1.487763,-0.290588,0.5115,1.0,1.2902
61,1.0,105,122,17,0.1393,105.0,60.0,16.87,18.0,0.9372,1.75,16.77,0.0,0.06,870.24,60,0.26801,34759.759766,1.488896,-0.318345,0.9011,1.0,1.3422
62,1.0,113,144,31,0.2153,113.0,60.0,9.57,18.0,0.5319,1.8833,9.47,0.0,0.06,904.57,60,10.083656,33135.763867,1.492379,-0.613463,0.5224,1.0,1.3434
63,1.0,125,157,32,0.2038,125.0,60.0,12.02,18.0,0.6679,2.0833,11.92,0.0,0.06,988.08,60,1.039877,38959.160547,1.500874,-0.408034,0.8857,1.0,1.4447
64,1.0,108,136,28,0.2059,108.0,60.0,10.16,18.0,0.5647,1.8,10.06,0.0,0.06,359.84,60,0.560179,7357.534961,1.5059,-0.544588,0.8132,1.0,1.3745
65,1.0,114,143,29,0.2028,114.0,60.0,11.08,18.0,0.6156,1.9,10.98,0.0,0.06,762.26,60,0.184124,25440.677344,1.508688,-0.335276,0.9741,1.0,1.2724
66,1.0,136,155,19,0.1226,136.0,60.0,24.13,18.0,1.3405,2.2667,24.03,0.0,0.06,1259.48,60,1.592451,74677.88125,1.510202,-0.339253,0.7017,1.0,1.4269
67,1.0,128,153,25,0.1634,128.0,60.0,17.48,18.0,0.9714,2.1333,17.38,0.0,0.06,1036.97,60,0.08884,42502.996094,1.51116,-0.288993,0.6217,1.0,1.4616
68,1.0,113,127,14,0.1102,113.0,60.0,21.44,18.0,1.1913,1.8833,21.34,0.0,0.06,1142.5,60,0.343738,63321.020312,1.511742,-0.310653,0.9201,1.0,1.3946
69,1.0,119,151,32,0.2119,119.0,60.0,10.48,18.0,0.5823,1.9833,10.38,0.0,0.06,433.36,60,0.383287,11667.496777,1.512265,-0.256648,0.8703,1.0,1.3979
70,1.0,112,142,30,0.2113,112.0,60.0,9.94,18.0,0.5521,1.8667,9.84,0.0,0.06,453.12,60,1.002948,11538.593457,1.513309,-0.321071,0.871,1.0,1.3461
71,1.0,116,149,33,0.2215,116.0,60.0,9.11,18.0,0.506,1.9333,9.01,0.0,0.06,696.98,60,0.473204,23881.479297,1.514968,-0.477166,0.7878,1.0,1.3272
72,1.0,135,165,30,0.1818,135.0,60.0,15.95,18.0,0.8864,2.25,15.85,0.0,0.06,759.91,60,0.958874,25955.483203,1.516309,-0.420412,0.8415,1.0,1.4499
73,1.0,114,149,35,0.2349,114.0,60.0,7.42,18.0,0.4123,1.9,7.32,0.0,0.06,390.05,60,0.19446,6501.076953,1.517764,-0.501561,0.5492,1.0,1.2274
74,1.0,117,138,21,0.1522,117.0,60.0,17.3,18.0,0.9609,1.95,17.2,0.0,0.06,1190.01,60,0.982119,57426.275781,1.519159,-0.392692,0.7855,1.0,1.4018
75,1.0,118,133,15,0.1128,118.0,60.0,22.09,18.0,1.2273,1.9667,21.99,0.0,0.06,839.36,60,0.243877,42797.564453,1.520231,-0.326422,0.6469,1.0,1.3175
76,1.0,128,148,20,0.1351,128.0,60.0,21.1,18.0,1.1724,2.1333,21.0,0.0,0.06,1126.14,60,0.202887,54453.579297,1.520878,-0.364871,0.5105,1.0,1.3726
77,1.0,124,144,20,0.1389,124.0,60.0,19.98,18.0,1.1099,2.0667,19.88,0.0,0.06,1190.18,60,0.245867,65050.240234,1.521331,-0.475405,0.6957,1.0,1.4527
78,1.0,110,147,37,0.2517,110.0,60.0,5.31,18.0,0.2952,1.8333,5.21,0.0,0.06,209.16,60,3.364692,3250.051172,1.523849,-0.510324,0.521,1.0,1.3094
79,1.0,128,149,21,0.1409,128.0,60.0,20.36,18.0,1.1311,2.1333,20.26,0.0,0.06,1030.51,60,1.454151,49906.910547,1.531277,-0.345425,0.503,1.0,1.3683
80,1.0,120,144,24,0.1667,120.0,60.0,16.0,18.0,0.8889,2.0,15.9,0.0,0.06,669.79,60,1.675601,27224.442383,1.535942,-0.509393,0.9549,1.0,1.1805
81,1.0,105,130,25,0.1923,105.0,60.0,11.31,18.0,0.6282,1.75,11.21,0.0,0.06,829.59,60,0.300576,30253.290039,1.538741,-0.34796,0.7142,1.0,1.3451
82,1.0,120,148,28,0.1892,120.0,60.0,13.3,18.0,0.7387,2.0,13.2,0.0,0.06,747.06,60,0.583887,33881.827734,1.54029,-0.549017,0.5738,1.0,1.3529
83,1.0,123,150,27,0.18,123.0,60.0,14.76,18.0,0.82,2.05,14.66,0.0,0.06,993.02,60,0.306349,42475.047266,1.541387,-0.191417,0.6699,1.0,1.3279
84,1.0,111,129,18,0.1395,111.0,60.0,17.81,18.0,0.9895,1.85,17.71,0.0,0.06,1475.15,60,0.759364,89135.694531,1.542144,-0.43654,0.7042,1.0,1.3264
85,1.0,115,137,22,0.1606,115.0,60.0,16.03,18.0,0.8907,1.9167,15.93,0.0,0.06,951.94,60,3.223035,36690.560156,1.542908,-0.68995,0.8457,1.0,1.4209
86,1.0,101,131,30,0.229,101.0,60.0,7.17,18.0,0.3983,1.6833,7.07,0.0,0.06,322.45,60,0.259993,5266.548975,1.544036,-0.17259,0.9836,1.0,1.4452
87,1.0,128,157,29,0.1847,128.0,60.0,14.76,18.0,0.8198,2.1333,14.66,0.0,0.06,860.64,60,0.231886,28592.577148,1.545083,-0.428371,0.5797,1.0,1.4474
88,1.0,90,113,23,0.2035,90.0,60.0,8.68,18.0,0.4823,1.5,8.58,0.0,0.06,556.05,60,0.232298,9509.513086,1.545836,-0.413191,0.8545,1.0,1.484
89,1.0,126,146,20,0.137,126.0,60.0,20.54,18.0,1.1411,2.1,20.44,0.0,0.06,1614.01,60,0.287616,120522.429688,1.546345,-0.330459,0.7041,1.0,1.3485
90,1.0,107,133,26,0.1955,107.0,60.0,11.18,18.0,0.6213,1.7833,11.08,0.0,0.06,671.48,60,0.145282,17826.529297,1.546673,-0.325575,0.8407,1.0,1.4567
91,1.0,133,151,18,0.1192,133.0,60.0,24.05,18.0,1.3359,2.2167,23.95,0.0,0.06,1077.95,60,0.428439,66021.546094,1.546977,-0.409411,0.7437,1.0,1.3887
92,1.0,126,151,25,0.1656,126.0,60.0,16.94,18.0,0.9411,2.1,16.84,0.0,0.06,826.8,60,0.324438,27761.268945,1.547421,-0.443183,0.5163,1.0,1.4008
93,1.0,120,154,34,0.2208,120.0,60.0,9.51,18.0,0.5281,2.0,9.41,0.0,0.06,429.55,60,0.385277,9181.831055,1.548127,-0.422462,0.6979,1.0,1.2974
94,1.0,117,143,26,0.1818,117.0,60.0,13.83,18.0,0.7682,1.95,13.73,0.0,0.06,722.79,60,0.589194,27780.964844,1.549176,-0.319384,0.5625,1.0,1.4988
95,1.0,117,136,19,0.1397,117.0,60.0,18.75,18.0,1.0419,1.95,18.65,0.0,0.06,919.12,60,0.205438,45011.371875,1.55012,-0.444962,0.6133,1.0,1.2889
96,1.0,119,140,21,0.15,119.0,60.0,17.85,18.0,0.9917,1.9833,17.75,0.0,0.06,801.61,60,0.453117,28215.220898,1.550753,-0.49469,0.7313,1.0,1.3036
97,1.0,130,156,26,0.1667,130.0,60.0,17.33,18.0,0.963,2.1667,17.23,0.0,0.06,877.05,60,0.738221,37817.33125,1.551373,-0.659934,0.8877,1.0,1.3371
98,1.0,107,140,33,0.2357,107.0,60.0,6.88,18.0,0.3821,1.7833,6.78,0.0,0.06,814.02,60,0.420536,23390.12793,1.552209,-0.417905,0.8015,1.0,1.3358
99,1.0,114,147,33,0.2245,114.0,60.0,8.61,18.0,0.4782,1.9,8.51,0.0,0.06,550.64,60,0.569996,13992.193652,1.553231,-0.307477,0.6822,1.0,1.3072
100,1.0,111,147,36,0.2449,111.0,60.0,6.12,18.0,0.3398,1.85,6.02,0.0,0.06,348.23,60,0.383419,6054.923389,1.55457,-0.276996,0.7387,1.0,1.3404
101,1.0,112,135,23,0.1704,112.0,60.0,14.52,18.0,0.8066,1.8667,14.42,0.0,0.06,660.48,60,0.603038,28169.823047,1.556017,-0.470795,0.9848,1.0,1.2648
102,1.0,113,137,24,0.1752,113.0,60.0,14.1,18.0,0.7836,1.8833,14.0,0.0,0.06,780.96,60,0.230005,26299.720898,1.557162,-0.322185,0.9322,1.0,1.3544
103,1.0,110,139,29,0.2086,110.0,60.0,10.05,18.0,0.5584,1.8333,9.95,0.0,0.06,563.57,60,0.423669,12210.039355,1.557984,-0.411377,0.6165,1.0,1.4313
104,1.0,116,139,23,0.1655,116.0,60.0,15.61,18.0,0.867,1.9333,15.51,0.0,0.06,1103.41,60,1.485802,57195.313281,1.558997,-0.442205,0.792,1.0,1.2968
105,1.0,132,164,32,0.1951,132.0,60.0,13.84,18.0,0.7691,2.2,13.74,0.0,0.06,902.89,60,0.507547,32392.521484,1.560285,-0.433027,0.9797,1.0,1.4639
106,1.0,116,142,26,0.1831,116.0,60.0,13.56,18.0,0.7534,1.9333,13.46,0.0,0.06,1297.57,60,0.183441,55404.646875,1.561177,-0.458342,0.6564,1.0,1.4506
107,1.0,102,132,30,0.2273,102.0,60.0,7.42,18.0,0.4121,1.7,7.32,0.0,0.06,382.24,60,0.615998,8600.327246,1.562036,-0.508127,0.6277,1.0,1.2493
108,1.0,124,141,17,0.1206,124.0,60.0,22.25,18.0,1.2361,2.0667,22.15,0.0,0.06,1377.55,60,0.186785,85684.325,1.563532,-0.246744,0.8669,1.0,1.2801
109,1.0,135,165,30,0.1818,135.0,60.0,15.95,18.0,0.8864,2.25,15.85,0.0,0.06,1030.23,60,0.557117,45749.875781,1.564423,-0.343152,0.9931,1.0,1.2934
110,1.0,114,137,23,0.1679,114.0,60.0,15.06,18.0,0.8367,1.9,14.96,0.0,0.06,1192.29,60,0.416534,65648.157812,1.565056,-0.361458,0.9268,1.0,1.2164
111,1.0,131,166,35,0.2108,131.0,60.0,11.68,18.0,0.6489,2.1833,11.58,0.0,0.06,581.63,60,1.433032,13834.548828,1.566019,-0.352558,0.7343,1.0,1.3098
112,1.0,125,148,23,0.1554,125.0,60.0,18.07,18.0,1.0041,2.0833,17.97,0.0,0.06,1092.79,60,0.269607,56267.360938,1.567822,-0.438979,0.779,1.0,1.2897
113,1.0,127,143,16,0.1119,127.0,60.0,23.89,18.0,1.3272,2.1167,23.79,0.0,0.06,1427.51,60,0.21968,99423.610156,1.568982,-0.179369,0.706,1.0,1.3379
114,1.0,105,125,20,0.16,105.0,60.0,14.7,18.0,0.8167,1.75,14.6,0.0,0.06,825.67,60,0.374657,38414.108984,1.569687,-0.386945,0.5396,1.0,1.3099
115,1.0,115,144,29,0.2014,115.0,60.0,11.34,18.0,0.63,1.9167,11.24,0.0,0.06,1012.41,60,0.21022,39580.380078,1.570358,-0.239537,0.7409,1.0,1.4057
116,1.0,127,144,17,0.1181,127.0,60.0,23.11,18.0,1.2837,2.1167,23.01,0.0,0.06,1553.56,60,3.208925,101468.277344,1.571192,-0.337895,0.9093,1.0,1.4249
117,1.0,124,141,17,0.1206,124.0,60.0,22.25,18.0,1.2361,2.0667,22.15,0.0,0.06,1407.7,60,0.596953,88111.753125,1.572954,-0.470929,0.7103,1.0,1.3418
118,1.0,113,135,22,0.163,113.0,60.0,15.49,18.0,0.8603,1.8833,15.39,0.0,0.06,1058.9,60,0.567519,40299.590234,1.574267,-0.523465,0.7781,1.0,1.3917
119,1.0,141,167,26,0.1557,141.0,60.0,20.35,18.0,1.1304,2.35,20.25,0.0,0.06,1594.09,60,0.097538,103940.725781,1.575237,-0.352585,0.6222,1.0,1.3793
120,1.0,131,158,27,0.1709,131.0,60.0,16.91,18.0,0.9397,2.1833,16.81,0.0,0.06,1343.67,60,0.175492,70449.998438,1.575812,-0.32145,0.7324,1.0,1.4731
121,1.0,105,125,20,0.16,105.0,60.0,14.7,18.0,0.8167,1.75,14.6,0.0,0.06,689.07,60,0.480476,23134.497852,1.576333,-0.338112,0.7683,1.0,1.4353
122,1.0,133,165,32,0.1939,133.0,60.0,14.11,18.0,0.7837,2.2167,14.01,0.0,0.06,1250.58,60,0.288946,73238.317188,1.577132,-0.385017,0.7344,1.0,1.2751
123,1.0,120,146,26,0.1781,120.0,60.0,14.63,18.0,0.8128,2.0,14.53,0.0,0.06,928.23,60,0.456911,33407.660547,1.577851,-0.414847,0.5693,1.0,1.3477
124,1.0,112,139,27,0.1942,112.0,60.0,11.84,18.0,0.658,1.8667,11.74,0.0,0.06,800.12,60,0.556035,19034.115234,1.578542,-0.384571,0.6945,1.0,1.4377
125,1.0,133,163,30,0.184,133.0,60.0,15.42,18.0,0.8567,2.2167,15.32,0.0,0.06,957.52,60,0.37066,36485.690625,1.579246,-0.347275,0.8833,1.0,1.3551
126,1.0,136,158,22,0.1392,136.0,60.0,21.86,18.0,1.2146,2.2667,21.76,0.0,0.06,1434.82,60,0.429976,88628.147656,1.580043,-0.35227,0.6239,1.0,1.3726
127,1.0,119,144,25,0.1736,119.0,60.0,15.04,18.0,0.8356,1.9833,14.94,0.0,0.06,514.18,60,0.934856,15228.966797,1.580989,-0.527489,0.8884,1.0,1.255
128,1.0,121,148,27,0.1824,121.0,60.0,14.23,18.0,0.7903,2.0167,14.13,0.0,0.06,414.97,60,0.436705,13312.09248,1.582712,-0.346463,0.6095,1.0,1.2886
129,1.0,133,153,20,0.1307,133.0,60.0,22.51,18.0,1.2508,2.2167,22.41,0.0,0.06,1620.92,60,0.093532,95550.928125,1.584151,-0.486384,0.9435,1.0,1.3256
130,1.0,100,125,25,0.2,100.0,60.0,10.0,18.0,0.5556,1.6667,9.9,0.0,0.06,719.66,60,0.428592,17618.001074,1.585104,-0.50694,0.8924,1.0,1.4668
131,1.0,113,136,23,0.1691,113.0,60.0,14.79,18.0,0.8217,1.8833,14.69,0.0,0.06,806.31,60,0.284059,27697.745898,1.586121,-0.344004,0.6866,1.0,1.425
132,1.0,113,145,32,0.2207,113.0,60.0,8.96,18.0,0.4979,1.8833,8.86,0.0,0.06,675.89,60,6.276285,16106.744922,1.587878,-0.663278,0.9374,1.0,1.5042
133,1.0,119,154,35,0.2273,119.0,60.0,8.65,18.0,0.4808,1.9833,8.55,0.0,0.06,955.24,60,0.291063,41506.691797,1.59155,-0.279259,0.5273,1.0,1.2937
134,1.0,134,157,23,0.1465,134.0,60.0,20.57,18.0,1.1427,2.2333,20.47,0.0,0.06,1269.35,60,0.39279,86998.242188,1.593661,-0.338113,0.9305,1.0,1.2862
135,1.0,128,151,23,0.1523,128.0,60.0,18.9,18.0,1.0502,2.1333,18.8,0.0,0.06,1273.53,60,0.402794,74904.286719,1.594726,-0.380943,0.6365,1.0,1.2593
136,1.0,134,163,29,0.1779,134.0,60.0,16.36,18.0,0.9089,2.2333,16.26,0.0,0.06,801.96,60,0.983464,23948.139062,1.595646,-0.572996,0.7617,1.0,1.4319
137,1.0,119,142,23,0.162,119.0,60.0,16.43,18.0,0.9125,1.9833,16.33,0.0,0.06,1192.32,60,2.052219,64272.45625,1.597188,-0.488499,0.856,1.0,1.3757
138,1.0,118,154,36,0.2338,118.0,60.0,7.82,18.0,0.4342,1.9667,7.72,0.0,0.06,819.25,60,0.776194,17702.688281,1.598988,-0.424508,0.8359,1.0,1.3316
139,1.0,113,138,25,0.1812,113.0,60.0,13.43,18.0,0.7461,1.8833,13.33,0.0,0.06,540.99,60,0.231433,10654.670117,1.600779,-0.424569,0.6739,1.0,1.4606
140,1.0,106,128,22,0.1719,106.0,60.0,13.58,18.0,0.7545,1.7667,13.48,0.0,0.06,941.29,60,0.998327,34425.724609,1.602186,-0.450033,0.7429,1.0,1.4127
141,1.0,131,155,24,0.1548,131.0,60.0,19.02,18.0,1.0565,2.1833,18.92,0.0,0.06,1293.37,60,0.252512,63856.567578,1.603404,-0.461995,0.8045,1.0,1.4112
142,1.0,123,143,20,0.1399,123.0,60.0,19.7,18.0,1.0943,2.05,19.6,0.0,0.06,1439.98,60,0.218516,88579.617188,1.604297,-0.323623,0.7425,1.0,1.3718
143,1.0,123,149,26,0.1745,123.0,60.0,15.44,18.0,0.8576,2.05,15.34,0.0,0.06,765.71,60,0.569039,24026.476172,1.604972,-0.335254,0.6054,1.0,1.3381
144,1.0,121,155,34,0.2194,121.0,60.0,9.76,18.0,0.5421,2.0167,9.66,0.0,0.06,653.84,60,0.492186,14416.698242,1.605801,-0.308865,0.6233,1.0,1.4654
145,1.0,126,148,22,0.1486,126.0,60.0,19.07,18.0,1.0595,2.1,18.97,0.0,0.06,1049.79,60,0.506934,41068.607031,1.606867,-0.324075,0.7676,1.0,1.4417
146,1.0,115,142,27,0.1901,115.0,60.0,12.63,18.0,0.7019,1.9167,12.53,0.0,0.06,921.24,60,0.713765,36684.503906,1.60795,-0.405896,0.8726,1.0,1.2853
147,1.0,115,139,24,0.1727,115.0,60.0,14.64,18.0,0.8135,1.9167,14.54,0.0,0.06,1098.78,60,0.283793,45282.887109,1.608917,-0.240663,0.5837,1.0,1.3685
148,1.0,129,153,24,0.1569,129.0,60.0,18.46,18.0,1.0258,2.15,18.36,0.0,0.06,1166.1,60,0.894939,50727.387891,1.609706,-0.333395,0.6668,1.0,1.347
149,1.0,117,141,24,0.1702,117.0,60.0,15.19,18.0,0.8436,1.95,15.09,0.0,0.06,994.29,60,0.681521,38841.978125,1.610592,-0.567235,0.7346,1.0,1.3725
150,1.0,110,132,22,0.1667,110.0,60.0,14.67,18.0,0.8148,1.8333,14.57,0.0,0.06,1176.95,60,0.639726,56007.661719,1.611446,-0.28125,0.9517,1.0,1.2759
151,1.0,96,127,31,0.2441,96.0,60.0,5.37,18.0,0.2982,1.6,5.27,0.0,0.06,558.93,60,0.237724,13336.654395,1.612326,-0.29412,0.8318,1.0,1.3463
152,1.0,145,169,24,0.142,145.0,60.0,22.91,18.0,1.2727,2.4167,22.81,0.0,0.06,1745.03,60,0.214416,141856.092188,1.613438,-0.333903,0.8314,1.0,1.2998
153,1.0,102,121,19,0.157,102.0,60.0,14.58,18.0,0.8102,1.7,14.48,0.0,0.06,995.69,60,0.367751,46604.558594,1.614228,-0.407506,0.6472,1.0,1.284
154,1.0,126,151,25,0.1656,126.0,60.0,16.94,18.0,0.9411,2.1,16.84,0.0,0.06,679.15,60,0.419028,23580.65332,1.615045,-0.381346,0.7993,1.0,1.2253
155,1.0,136,159,23,0.1447,136.0,60.0,21.13,18.0,1.1737,2.2667,21.03,0.0,0.06,1159.12,60,10.016928,68832.655469,1.616587,-0.323323,0.6066,1.0,1.3756
156,1.0,127,151,24,0.1589,127.0,60.0,17.91,18.0,0.9953,2.1167,17.81,0.0,0.06,1328.57,60,0.155036,68158.372266,1.619376,-0.340812,0.6922,1.0,1.2789
157,1.0,112,132,20,0.1515,112.0,60.0,16.63,18.0,0.9239,1.8667,16.53,0.0,0.06,1523.77,60,0.538917,100374.533594,1.621032,-0.413715,0.5527,1.0,1.3318
158,1.0,119,141,22,0.156,119.0,60.0,17.13,18.0,0.9518,1.9833,17.03,0.0,0.06,987.92,60,0.295229,46052.7,1.622105,-0.349291,0.6929,1.0,1.4004
159,1.0,121,146,25,0.1712,121.0,60.0,15.58,18.0,0.8656,2.0167,15.48,0.0,0.06,893.39,60,0.631382,41583.388672,1.623055,-0.502476,0.6758,1.0,1.3087
160,1.0,94,123,29,0.2358,94.0,60.0,6.04,18.0,0.3354,1.5667,5.94,0.0,0.06,342.55,60,0.299482,7260.830713,1.624366,-0.364914,0.9084,1.0,1.3421
161,1.0,124,145,21,0.1448,124.0,60.0,19.24,18.0,1.069,2.0667,19.14,0.0,0.06,1489.05,60,0.860171,101561.7125,1.626157,-0.521433,0.7873,1.0,1.4247
162,1.0,142,160,18,0.1125,142.0,60.0,26.62,18.0,1.4792,2.3667,26.52,0.0,0.06,2082.16,60,0.640134,158559.09375,1.627516,-0.556082,0.8189,1.0,1.3636
163,1.0,122,153,31,0.2026,122.0,60.0,11.88,18.0,0.6601,2.0333,11.78,0.0,0.06,671.22,60,14.927132,16203.195312,1.632326,-0.585245,0.6537,1.0,1.3353
164,1.0,114,145,31,0.2138,114.0,60.0,9.83,18.0,0.546,1.9,9.73,0.0,0.06,220.59,60,0.778138,3506.609253,1.644547,-0.353257,0.7317,1.0,1.3334
165,1.0,120,138,18,0.1304,120.0,60.0,20.35,18.0,1.1304,2.0,20.25,0.0,0.06,1436.94,60,0.355819,108090.917188,1.651419,-0.284957,0.8599,1.0,1.3196
166,1.0,118,143,25,0.1748,118.0,60.0,14.77,18.0,0.8206,1.9667,14.67,0.0,0.06,1070.98,60,0.390992,40605.653125,1.654167,-0.241259,0.8756,1.0,1.4138
167,1.0,128,153,25,0.1634,128.0,60.0,17.48,18.0,0.9714,2.1333,17.38,0.0,0.06,1371.3,60,0.743017,84154.699219,1.655448,-0.425494,0.6251,1.0,1.3815
168,1.0,135,159,24,0.1509,135.0,60.0,20.12,18.0,1.1179,2.25,20.02,0.0,0.06,824.85,60,0.173384,40412.325,1.656247,-0.283069,0.7456,1.0,1.3259
169,1.0,128,147,19,0.1293,128.0,60.0,21.86,18.0,1.2142,2.1333,21.76,0.0,0.06,1248.6,60,0.569656,62507.661328,1.65677,-0.466394,0.5215,1.0,1.4403
170,1.0,121,149,28,0.1879,121.0,60.0,13.56,18.0,0.7534,2.0167,13.46,0.0,0.06,776.64,60,0.41024,30324.623828,1.657239,-0.440068,0.594,1.0,1.3443
171,1.0,117,134,17,0.1269,117.0,60.0,20.26,18.0,1.1254,1.95,20.16,0.0,0.06,895.84,60,18.000234,38551.153906,1.659373,-0.53859,0.8105,1.0,1.4624
172,1.0,126,157,31,0.1975,126.0,60.0,12.92,18.0,0.7178,2.1,12.82,0.0,0.06,1457.47,60,0.047923,76859.636719,1.665272,-0.26619,0.8452,1.0,1.3702
173,1.0,140,165,25,0.1515,140.0,60.0,20.79,18.0,1.1549,2.3333,20.69,0.0,0.06,844.41,60,0.577921,31229.892188,1.668411,-0.485619,0.8394,1.0,1.2901
174,1.0,114,139,25,0.1799,114.0,60.0,13.7,18.0,0.7609,1.9,13.6,0.0,0.06,1145.66,60,0.072382,40432.932812,1.669849,-0.2344,0.5497,1.0,1.3264
175,1.0,130,164,34,0.2073,130.0,60.0,12.05,18.0,0.6694,2.1667,11.95,0.0,0.06,832.36,60,0.527038,32627.058594,1.670586,-0.468503,0.5866,1.0,1.3344
176,1.0,134,154,20,0.1299,134.0,60.0,22.8,18.0,1.2665,2.2333,22.7,0.0,0.06,1822.45,60,0.4785,128647.461719,1.671173,-0.366327,0.5064,1.0,1.3884
177,1.0,112,125,13,0.104,112.0,60.0,21.95,18.0,1.2196,1.8667,21.85,0.0,0.06,1106.44,60,0.543038,61043.157422,1.671568,-0.331754,0.6078,1.0,1.3809
178,1.0,125,148,23,0.1554,125.0,60.0,18.07,18.0,1.0041,2.0833,17.97,0.0,0.06,1023.21,60,0.565096,42450.983203,1.67192,-0.404279,0.8421,1.0,1.312
179,1.0,120,152,32,0.2105,120.0,60.0,10.74,18.0,0.5965,2.0,10.64,0.0,0.06,707.64,60,9.147935,19449.826367,1.673035,-0.443676,0.5059,1.0,1.4263
180,1.0,127,156,29,0.1859,127.0,60.0,14.49,18.0,0.8051,2.1167,14.39,0.0,0.06,304.3,60,0.151878,5905.844141,1.676059,-0.492116,0.5973,1.0,1.2613
181,1.0,132,152,20,0.1316,132.0,60.0,22.23,18.0,1.2351,2.2,22.13,0.0,0.06,1748.66,60,0.332918,113557.260938,1.678026,-0.455361,0.7297,1.0,1.3456
182,1.0,135,167,32,0.1916,135.0,60.0,14.63,18.0,0.8129,2.25,14.53,0.0,0.06,764.61,60,0.661618,26118.862891,1.679002,-0.354484,0.6199,1.0,1.3347
183,1.0,114,142,28,0.1972,114.0,60.0,11.72,18.0,0.6512,1.9,11.62,0.0,0.06,163.55,60,1.079004,5224.099023,1.680253,-0.641019,0.9227,1.0,1.3547
184,1.0,113,145,32,0.2207,113.0,60.0,8.96,18.0,0.4979,1.8833,8.86,0.0,0.06,580.67,60,1.982398,14406.086133,1.683144,-0.626472,0.5384,1.0,1.3451
185,1.0,109,131,22,0.1679,109.0,60.0,14.39,18.0,0.7997,1.8167,14.29,0.0,0.06,672.41,60,1.011784,18227.052344,1.686187,-0.458396,0.6428,1.0,1.2941
186,1.0,115,138,23,0.1667,115.0,60.0,15.33,18.0,0.8519,1.9167,15.23,0.0,0.06,890.31,60,0.330328,41486.658984,1.68802,-0.237439,0.7118,1.0,1.3662
187,1.0,141,169,28,0.1657,141.0,60.0,18.94,18.0,1.0522,2.35,18.84,0.0,0.06,862.09,60,0.335186,33210.971875,1.688945,-0.297382,0.9366,1.0,1.2646
188,1.0,129,157,28,0.1783,129.0,60.0,15.69,18.0,0.8719,2.15,15.59,0.0,0.06,1188.99,60,0.132419,61287.530469,1.689462,-0.408664,0.8824,1.0,1.3209
189,1.0,121,142,21,0.1479,121.0,60.0,18.41,18.0,1.0225,2.0167,18.31,0.0,0.06,698.81,60,0.651261,27947.150977,1.689842,-0.431028,0.948,1.0,1.2857
190,1.0,104,120,16,0.1333,104.0,60.0,17.33,18.0,0.963,1.7333,17.23,0.0,0.06,1498.0,60,0.150606,89963.007812,1.690288,-0.286211,0.9562,1.0,1.3315
191,1.0,127,144,17,0.1181,127.0,60.0,23.11,18.0,1.2837,2.1167,23.01,0.0,0.06,1383.59,60,3.902109,82069.435938,1.690718,-0.453733,0.6797,1.0,1.3309
192,1.0,126,143,17,0.1189,126.0,60.0,22.82,18.0,1.2678,2.1,22.72,0.0,0.06,1248.87,60,0.184676,63359.823047,1.691494,-0.340784,0.5336,1.0,1.377
193,1.0,117,143,26,0.1818,117.0,60.0,13.83,18.0,0.7682,1.95,13.73,0.0,0.06,1121.41,60,0.8383,52566.879688,1.692098,-0.50611,0.9242,1.0,1.2595
194,1.0,130,164,34,0.2073,130.0,60.0,12.05,18.0,0.6694,2.1667,11.95,0.0,0.06,789.95,60,1.663982,25509.433789,1.693003,-0.547168,0.9896,1.0,1.2487
195,1.0,119,140,21,0.15,119.0,60.0,17.85,18.0,0.9917,1.9833,17.75,0.0,0.06,1237.11,60,0.356569,55996.928125,1.694388,-0.439477,0.5934,1.0,1.4783
196,1.0,128,150,22,0.1467,128.0,60.0,19.63,18.0,1.0904,2.1333,19.53,0.0,0.06,911.89,60,0.590534,34754.661328,1.695265,-0.435711,0.5176,1.0,1.3236
197,1.0,110,124,14,0.1129,110.0,60.0,20.58,18.0,1.1434,1.8333,20.48,0.0,0.06,1779.41,60,0.994755,146947.051562,1.69592,-0.59813,0.9637,1.0,1.3018
198,1.0,100,130,30,0.2308,100.0,60.0,6.92,18.0,0.3846,1.6667,6.82,0.0,0.06,560.14,60,0.371928,14110.152344,1.696583,-0.37762,0.7041,1.0,1.2227
199,1.0,112,145,33,0.2276,112.0,60.0,8.11,18.0,0.4506,1.8667,8.01,0.0,0.06,73.54,60,0.416867,225.438474,1.701867,-0.510431,0.8923,1.0,1.3744
200,1.0,124,147,23,0.1565,124.0,60.0,17.8,18.0,0.9888,2.0667,17.7,0.0,0.06,1220.59,60,0.43617,71720.386719,1.715362,-0.340742,0.7834,1.0,1.3377
201,1.0,119,141,22,0.156,119.0,60.0,17.13,18.0,0.9518,1.9833,17.03,0.0,0.06,916.51,60,0.337065,30344.723438,1.721862,-0.407127,0.6626,1.0,1.4646
202,1.0,132,147,15,0.102,132.0,60.0,26.13,18.0,1.4517,2.2,26.03,0.0,0.06,1133.25,60,0.650218,55267.410156,1.72426,-0.439442,0.869,1.0,1.2768
203,1.0,120,149,29,0.1946,120.0,60.0,12.64,18.0,0.7025,2.0,12.54,0.0,0.06,779.8,60,1.462572,24838.578906,1.72529,-0.509039,0.7671,1.0,1.4034
204,1.0,125,158,33,0.2089,125.0,60.0,11.39,18.0,0.6329,2.0833,11.29,0.0,0.06,1414.88,60,0.401526,81132.389844,1.725976,-0.252142,0.9276,1.0,1.3699
205,1.0,109,136,27,0.1985,109.0,60.0,11.06,18.0,0.6145,1.8167,10.96,0.0,0.06,1085.61,60,0.821225,45524.534766,1.726415,-0.354945,0.9879,1.0,1.4536
206,1.0,119,146,27,0.1849,119.0,60.0,13.69,18.0,0.7607,1.9833,13.59,0.0,0.06,956.26,60,0.415103,38724.863281,1.726771,-0.405787,0.8987,1.0,1.2386
207,1.0,108,130,22,0.1692,108.0,60.0,14.12,18.0,0.7846,1.8,14.02,0.0,0.06,885.8,60,0.675972,31678.8875,1.727096,-0.453918,0.5267,1.0,1.3994
208,1.0,106,129,23,0.1783,106.0,60.0,12.9,18.0,0.7167,1.7667,12.8,0.0,0.06,752.42,60,0.341395,28297.569141,1.727406,-0.279019,0.8697,1.0,1.3685
209,1.0,117,141,24,0.1702,117.0,60.0,15.19,18.0,0.8436,1.95,15.09,0.0,0.06,1081.08,60,0.097486,40396.221094,1.727649,-0.292235,0.6517,1.0,1.2814
210,1.0,118,139,21,0.1511,118.0,60.0,17.57,18.0,0.9763,1.9667,17.47,0.0,0.06,1579.62,60,10.758518,102879.896875,1.728005,-0.413801,0.7909,1.0,1.3793
211,1.0,119,138,19,0.1377,119.0,60.0,19.32,18.0,1.0731,1.9833,19.22,0.0,0.06,1286.66,60,0.79275,73383.275,1.728799,-0.351394,0.9048,1.0,1.353
212,1.0,130,157,27,0.172,130.0,60.0,16.64,18.0,0.9246,2.1667,16.54,0.0,0.06,1114.8,60,0.408832,52342.681641,1.729343,-0.392098,0.9967,1.0,1.3865
213,1.0,127,148,21,0.1419,127.0,60.0,20.08,18.0,1.1155,2.1167,19.98,0.0,0.06,1313.39,60,1.238187,80379.160938,1.729715,-0.417902,0.9986,1.0,1.3765
214,1.0,115,142,27,0.1901,115.0,60.0,12.63,18.0,0.7019,1.9167,12.53,0.0,0.06,837.11,60,4.657029,30393.467188,1.730385,-0.661145,0.7218,1.0,1.3448
215,1.0,119,140,21,0.15,119.0,60.0,17.85,18.0,0.9917,1.9833,17.75,0.0,0.06,1208.04,60,0.94246,53732.307422,1.731781,-0.601161,0.5027,1.0,1.4189
216,1.0,118,139,21,0.1511,118.0,60.0,17.57,18.0,0.9763,1.9667,17.47,0.0,0.06,771.62,60,1.33462,26555.313086,1.732714,-0.365531,0.8181,1.0,1.2733
217,1.0,114,136,22,0.1618,114.0,60.0,15.76,18.0,0.8755,1.9,15.66,0.0,0.06,805.27,60,0.381483,26287.155273,1.733385,-0.48632,0.6604,1.0,1.4727
218,1.0,126,158,32,0.2025,126.0,60.0,12.28,18.0,0.6823,2.1,12.18,0.0,0.06,429.3,60,1.20369,11453.482227,1.733942,-0.433355,0.5437,1.0,1.4312
219,1.0,96,119,23,0.1933,96.0,60.0,10.25,18.0,0.5692,1.6,10.15,0.0,0.06,510.33,60,0.795499,8589.182422,1.734755,-0.595165,0.8489,1.0,1.4234
220,1.0,127,164,37,0.2256,127.0,60.0,9.45,18.0,0.5249,2.1167,9.35,0.0,0.06,680.54,60,0.641205,13642.694336,1.735534,-0.601143,0.7633,1.0,1.4786
221,1.0,120,145,25,0.1724,120.0,60.0,15.31,18.0,0.8506,2.0,15.21,0.0,0.06,800.93,60,0.243493,21801.414648,1.736147,-0.380042,0.6287,1.0,1.3998
222,1.0,123,152,29,0.1908,123.0,60.0,13.43,18.0,0.7463,2.05,13.33,0.0,0.06,298.09,60,0.391867,4412.185205,1.73663,-0.547907,0.8436,1.0,1.3226
223,1.0,107,125,18,0.144,107.0,60.0,16.69,18.0,0.9273,1.7833,16.59,0.0,0.06,1279.88,60,1.22183,72417.95,1.737259,-0.410765,0.7689,1.0,1.4076
224,1.0,136,163,27,0.1656,136.0,60.0,18.27,18.0,1.0151,2.2667,18.17,0.0,0.06,829.47,60,0.397402,30492.299219,1.737792,-0.262737,0.9707,1.0,1.4682
225,1.0,129,147,18,0.1224,129.0,60.0,22.9,18.0,1.2724,2.15,22.8,0.0,0.06,1681.3,60,2.760576,130290.722656,1.738188,-0.427249,0.791,1.0,1.3251
226,1.0,118,139,21,0.1511,118.0,60.0,17.57,18.0,0.9763,1.9667,17.47,0.0,0.06,966.72,60,0.661147,40756.834766,1.738574,-0.315398,0.9659,1.0,1.4695
227,1.0,119,148,29,0.1959,119.0,60.0,12.38,18.0,0.6879,1.9833,12.28,0.0,0.06,740.04,60,0.843553,22394.070117,1.738971,-0.465394,0.8794,1.0,1.4289
228,1.0,113,143,30,0.2098,113.0,60.0,10.19,18.0,0.5663,1.8833,10.09,0.0,0.06,524.31,60,0.168475,8835.053809,1.73945,-0.596685,0.9482,1.0,1.484
229,1.0,119,157,38,0.242,119.0,60.0,6.9,18.0,0.3832,1.9833,6.8,0.0,0.06,474.19,60,0.330037,9573.017188,1.739853,-0.426282,0.6732,1.0,1.5086
230,1.0,125,147,22,0.1497,125.0,60.0,18.79,18.0,1.044,2.0833,18.69,0.0,0.06,1368.61,60,0.475884,85478.652344,1.740254,-0.453895,0.5001,1.0,1.239
231,1.0,119,139,20,0.1439,119.0,60.0,18.58,18.0,1.0321,1.9833,18.48,0.0,0.06,1216.88,60,0.849832,59290.142188,1.740574,-0.578726,0.975,1.0,1.2985
232,1.0,125,166,41,0.247,125.0,60.0,6.63,18.0,0.3681,2.0833,6.53,0.0,0.06,290.73,60,0.748962,2024.785864,1.741201,-0.329078,0.5153,1.0,1.4497
233,1.0,130,163,33,0.2025,130.0,60.0,12.68,18.0,0.7045,2.1667,12.58,0.0,0.06,422.58,60,0.277098,10210.619629,1.742499,-0.358007,0.8783,1.0,1.3007
234,1.0,122,141,19,0.1348,122.0,60.0,20.16,18.0,1.12,2.0333,20.06,0.0,0.06,1307.47,60,0.30781,56330.722266,1.74336,-0.352428,0.585,1.0,1.3896
235,1.0,107,136,29,0.2132,107.0,60.0,9.28,18.0,0.5158,1.7833,9.18,0.0,0.06,613.97,60,0.314541,12651.769531,1.743813,-0.261017,0.7745,1.0,1.4929
236,1.0,112,135,23,0.1704,112.0,60.0,14.52,18.0,0.8066,1.8667,14.42,0.0,0.06,1648.09,60,0.693827,93991.189062,1.744174,-0.51168,0.5063,1.0,1.383
237,1.0,121,142,21,0.1479,121.0,60.0,18.41,18.0,1.0225,2.0167,18.31,0.0,0.06,1246.99,60,0.374891,62569.725391,1.744488,-0.467524,0.5099,1.0,1.3183
238,1.0,115,142,27,0.1901,115.0,60.0,12.63,18.0,0.7019,1.9167,12.53,0.0,0.06,558.07,60,0.351814,14211.154102,1.744766,-0.351943,0.8648,1.0,1.4542
239,1.0,121,144,23,0.1597,121.0,60.0,16.97,18.0,0.943,2.0167,16.87,0.0,0.06,1354.76,60,0.461472,61954.361719,1.745076,-0.500832,0.971,1.0,1.4393
240,1.0,119,144,25,0.1736,119.0,60.0,15.04,18.0,0.8356,1.9833,14.94,0.0,0.06,820.31,60,0.39127,32996.793555,1.745352,-0.372324,0.7155,1.0,1.4252
241,1.0,137,169,32,0.1893,137.0,60.0,15.16,18.0,0.8422,2.2833,15.06,0.0,0.06,1109.45,60,0.336689,54688.28125,1.745617,-0.358905,0.9246,1.0,1.3409
242,1.0,99,123,24,0.1951,99.0,60.0,10.38,18.0,0.5768,1.65,10.28,0.0,0.06,493.97,60,1.077336,12811.368359,1.745963,-0.432205,0.8592,1.0,1.4382
243,1.0,113,148,35,0.2365,113.0,60.0,7.18,18.0,0.3987,1.8833,7.08,0.0,0.06,590.47,60,0.431903,10354.44668,1.746679,-0.486851,0.8196,1.0,1.3594
244,1.0,118,132,14,0.1061,118.0,60.0,22.88,18.0,1.2714,1.9667,22.78,0.0,0.06,1750.36,60,0.540016,130725.533594,1.747359,-0.462817,0.5415,1.0,1.3369
245,1.0,141,160,19,0.1187,141.0,60.0,25.56,18.0,1.4198,2.35,25.46,0.0,0.06,1732.51,60,0.975039,127511.53125,1.74777,-0.442676,0.9235,1.0,1.3534
246,1.0,125,153,28,0.183,125.0,60.0,14.62,18.0,0.8125,2.0833,14.52,0.0,0.06,412.78,60,0.227946,15710.278906,1.748118,-0.306984,0.7875,1.0,1.2785
247,1.0,115,137,22,0.1606,115.0,60.0,16.03,18.0,0.8907,1.9167,15.93,0.0,0.06,764.33,60,0.859626,30844.87793,1.748489,-0.525363,0.7883,1.0,1.2472
248,1.0,106,129,23,0.1783,106.0,60.0,12.9,18.0,0.7167,1.7667,12.8,0.0,0.06,915.35,60,0.301007,30869.05332,1.74892,-0.468314,0.5105,1.0,1.3608
249,1.0,124,152,28,0.1842,124.0,60.0,14.36,18.0,0.7977,2.0667,14.26,0.0,0.06,1303.81,60,0.82671,58036.707031,1.74929,-0.393859,0.9357,1.0,1.4298
250,1.0,123,144,21,0.1458,123.0,60.0,18.96,18.0,1.0535,2.05,18.86,0.0,0.06,1265.05,60,0.368488,66117.09375,1.749642,-0.334876,0.8484,1.0,1.2824
251,1.0,126,156,30,0.1923,126.0,60.0,13.57,18.0,0.7538,2.1,13.47,0.0,0.06,775.99,60,1.117722,21866.522656,1.749965,-0.598138,0.8892,1.0,1.2709
252,1.0,121,137,16,0.1168,121.0,60.0,22.17,18.0,1.2316,2.0167,22.07,0.0,0.06,1320.8,60,0.268608,78585.99375,1.750386,-0.349898,0.6886,1.0,1.4134
253,1.0,115,135,20,0.1481,115.0,60.0,17.46,18.0,0.9702,1.9167,17.36,0.0,0.06,1429.05,60,0.331119,90633.903906,1.750659,-0.509384,0.6817,1.0,1.4117
254,1.0,135,153,18,0.1176,135.0,60.0,24.62,18.0,1.3676,2.25,24.52,0.0,0.06,957.66,60,0.55676,46366.571484,1.750884,-0.39105,0.5869,1.0,1.3325
255,1.0,119,143,24,0.1678,119.0,60.0,15.73,18.0,0.8738,1.9833,15.63,0.0,0.06,1114.63,60,0.266403,49997.620703,1.751182,-0.448419,0.5253,1.0,1.2653
256,1.0,115,139,24,0.1727,115.0,60.0,14.64,18.0,0.8135,1.9167,14.54,0.0,0.06,1289.75,60,5.25265,64868.821094,1.751627,-0.453943,0.8351,1.0,1.3951
257,1.0,123,155,32,0.2065,123.0,60.0,11.51,18.0,0.6392,2.05,11.41,0.0,0.06,1175.55,60,0.02903,54894.739062,1.752401,-0.260037,0.8514,1.0,1.3613
258,1.0,127,160,33,0.2062,127.0,60.0,11.91,18.0,0.6615,2.1167,11.81,0.0,0.06,486.95,60,2.027565,9690.74541,1.753161,-0.552076,0.5829,1.0,1.4574
259,1.0,138,166,28,0.1687,138.0,60.0,18.12,18.0,1.0068,2.3,18.02,0.0,0.06,1047.47,60,0.740623,49467.216016,1.754596,-0.381731,0.6801,1.0,1.3598
260,1.0,111,141,30,0.2128,111.0,60.0,9.68,18.0,0.5379,1.85,9.58,0.0,0.06,529.0,60,0.115392,7688.789746,1.755514,-0.326204,0.7832,1.0,1.4792
261,1.0,101,128,27,0.2109,101.0,60.0,9.0,18.0,0.4997,1.6833,8.9,0.0,0.06,449.52,60,0.449161,5505.580957,1.756185,-0.471936,0.6143,1.0,1.4475
262,1.0,99,125,26,0.208,99.0,60.0,9.11,18.0,0.506,1.65,9.01,0.0,0.06,375.59,60,0.859203,5355.453857,1.756871,-0.393379,0.6112,1.0,1.3756
263,1.0,112,143,31,0.2168,112.0,60.0,9.32,18.0,0.5178,1.8667,9.22,0.0,0.06,472.69,60,0.413942,9859.864648,1.757601,-0.393005,0.8675,1.0,1.2564
264,1.0,121,147,26,0.1769,121.0,60.0,14.9,18.0,0.8277,2.0167,14.8,0.0,0.06,761.93,60,0.352146,22151.946094,1.758199,-0.390211,0.9739,1.0,1.4251
265,1.0,124,157,33,0.2102,124.0,60.0,11.14,18.0,0.6187,2.0667,11.04,0.0,0.06,963.18,60,0.717334,33317.381836,1.758683,-0.538235,0.5053,1.0,1.3994
266,1.0,125,158,33,0.2089,125.0,60.0,11.39,18.0,0.6329,2.0833,11.29,0.0,0.06,772.63,60,0.360004,18650.028711,1.75924,-0.348747,0.7864,1.0,1.377
267,1.0,131,153,22,0.1438,131.0,60.0,20.46,18.0,1.1369,2.1833,20.36,0.0,0.06,965.97,60,1.004204,40184.974609,1.759756,-0.448736,0.6769,1.0,1.4371
268,1.0,112,147,35,0.2381,112.0,60.0,6.93,18.0,0.3852,1.8667,6.83,0.0,0.06,219.05,60,0.287799,2178.211597,1.7604,-0.543814,0.8648,1.0,1.3102
269,1.0,127,156,29,0.1859,127.0,60.0,14.49,18.0,0.8051,2.1167,14.39,0.0,0.06,999.17,60,1.022125,45475.383203,1.761472,-0.466668,0.5179,1.0,1.3247
270,1.0,107,144,37,0.2569,107.0,60.0,4.61,18.0,0.2559,1.7833,4.51,0.0,0.06,746.93,60,0.143214,15048.217578,1.762325,-0.456458,0.7182,1.0,1.3515
271,1.0,122,150,28,0.1867,122.0,60.0,13.83,18.0,0.7681,2.0333,13.73,0.0,0.06,1046.87,60,0.637451,35398.566016,1.762967,-0.378418,0.9221,1.0,1.3652
272,1.0,101,130,29,0.2231,101.0,60.0,7.77,18.0,0.4316,1.6833,7.67,0.0,0.06,517.95,60,0.721233,10802.028516,1.763595,-0.460947,0.8143,1.0,1.3459
273,1.0,108,138,30,0.2174,108.0,60.0,8.92,18.0,0.4957,1.8,8.82,0.0,0.06,326.03,60,0.595085,4306.736914,1.764394,-0.338062,0.8532,1.0,1.3872
274,1.0,118,146,28,0.1918,118.0,60.0,12.77,18.0,0.7094,1.9667,12.67,0.0,0.06,835.95,60,1.082316,29337.166602,1.76544,-0.539743,0.872,1.0,1.405
275,1.0,120,151,31,0.2053,120.0,60.0,11.36,18.0,0.6313,2.0,11.26,0.0,0.06,912.01,60,1.094344,25375.392578,1.766415,-0.432782,0.6194,1.0,1.3642
276,1.0,137,165,28,0.1697,137.0,60.0,17.85,18.0,0.9918,2.2833,17.75,0.0,0.06,1135.85,60,0.317175,40071.682031,1.767148,-0.380938,0.6807,1.0,1.4352
277,1.0,115,137,22,0.1606,115.0,60.0,16.03,18.0,0.8907,1.9167,15.93,0.0,0.06,1021.61,60,0.385425,47447.344531,1.76761,-0.339576,0.5178,1.0,1.3538
278,1.0,121,150,29,0.1933,121.0,60.0,12.91,18.0,0.717,2.0167,12.81,0.0,0.06,800.4,60,0.314068,22343.450195,1.767953,-0.35603,0.9198,1.0,1.4235
279,1.0,128,148,20,0.1351,128.0,60.0,21.1,18.0,1.1724,2.1333,21.0,0.0,0.06,1350.9,60,0.184098,70138.707812,1.768335,-0.306357,0.9465,1.0,1.3685
280,1.0,113,136,23,0.1691,113.0,60.0,14.79,18.0,0.8217,1.8833,14.69,0.0,0.06,1158.09,60,0.532047,47924.197656,1.768633,-0.423465,0.7078,1.0,1.3956
281,1.0,120,140,20,0.1429,120.0,60.0,18.86,18.0,1.0476,2.0,18.76,0.0,0.06,1018.24,60,0.310594,38264.488672,1.768929,-0.291486,0.7944,1.0,1.3333
282,1.0,111,132,21,0.1591,111.0,60.0,15.64,18.0,0.8689,1.85,15.54,0.0,0.06,1158.56,60,2.400433,56988.053125,1.769366,-0.404185,0.9668,1.0,1.168
283,1.0,122,145,23,0.1586,122.0,60.0,17.25,18.0,0.9582,2.0333,17.15,0.0,0.06,1112.3,60,0.321263,53432.427344,1.770179,-0.471607,0.6709,1.0,1.4012
284,1.0,107,145,38,0.2621,107.0,60.0,4.06,18.0,0.2255,1.7833,3.96,0.0,0.06,336.67,60,0.636712,4804.218799,1.77098,-0.374475,0.5279,1.0,1.3216
285,1.0,109,145,36,0.2483,109.0,60.0,5.64,18.0,0.3132,1.8167,5.54,0.0,0.06,653.04,60,0.25881,11617.243555,1.77217,-0.497621,0.5046,1.0,1.3384
286,1.0,113,129,16,0.124,113.0,60.0,19.88,18.0,1.1047,1.8833,19.78,0.0,0.06,1021.93,60,0.533302,44149.730859,1.773081,-0.349173,0.6293,1.0,1.4182
287,1.0,134,170,36,0.2118,134.0,60.0,11.82,18.0,0.6569,2.2333,11.72,0.0,0.06,666.31,60,0.199545,20848.250391,1.77364,-0.336296,0.5804,1.0,1.3267
288,1.0,127,150,23,0.1533,127.0,60.0,18.63,18.0,1.0348,2.1167,18.53,0.0,0.06,1390.95,60,0.518354,81383.251562,1.773999,-0.560586,0.8396,1.0,1.2983
289,1.0,99,121,22,0.1818,99.0,60.0,11.7,18.0,0.65,1.65,11.6,0.0,0.06,928.0,60,0.401064,33274.326953,1.774293,-0.380011,0.9563,1.0,1.3252
290,1.0,111,130,19,0.1462,111.0,60.0,17.08,18.0,0.9487,1.85,16.98,0.0,0.06,641.88,60,0.799175,19310.533203,1.774707,-0.456979,0.6205,1.0,1.2139
291,1.0,123,147,24,0.1633,123.0,60.0,16.82,18.0,0.9344,2.05,16.72,0.0,0.06,936.74,60,0.40247,39931.271875,1.775318,-0.457228,0.5959,1.0,1.3302
292,1.0,114,139,25,0.1799,114.0,60.0,13.7,18.0,0.7609,1.9,13.6,0.0,0.06,547.49,60,0.249449,11651.448535,1.77584,-0.33571,0.5141,1.0,1.3019
293,1.0,109,128,19,0.1484,109.0,60.0,16.52,18.0,0.9178,1.8167,16.42,0.0,0.06,949.57,60,0.355184,40323.050391,1.776375,-0.378062,0.9541,1.0,1.34
294,1.0,141,163,22,0.135,141.0,60.0,23.27,18.0,1.2927,2.35,23.17,0.0,0.06,1418.52,60,0.656765,91492.692969,1.776812,-0.518903,0.782,1.0,1.4276
295,1.0,131,161,30,0.1863,131.0,60.0,14.89,18.0,0.8272,2.1833,14.79,0.0,0.06,675.97,60,0.35056,13920.28457,1.777201,-0.293907,0.9905,1.0,1.3894
296,1.0,115,140,25,0.1786,115.0,60.0,13.96,18.0,0.7758,1.9167,13.86,0.0,0.06,770.18,60,0.354185,27973.60293,1.77766,-0.326423,0.635,1.0,1.2569
297,1.0,112,141,29,0.2057,112.0,60.0,10.56,18.0,0.5869,1.8667,10.46,0.0,0.06,829.91,60,1.823755,22550.794531,1.778324,-0.414192,0.9336,1.0,1.4184
298,1.0,118,137,19,0.1387,118.0,60.0,19.04,18.0,1.0575,1.9667,18.94,0.0,0.06,1346.44,60,0.599012,70084.564844,1.779534,-0.48183,0.6861,1.0,1.4031
299,1.0,97,124,27,0.2177,97.0,60.0,7.98,18.0,0.4433,1.6167,7.88,0.0,0.06,503.75,60,1.183596,9554.12959,1.780448,-0.287647,0.8633,1.0,1.3075
