episode,time_h,completed,attempts,errors,err_rate,err_target,mp_r,mp_h,w_hat_r,w_h,wage_parity,prod_parity,profit,lambda_dual,episode_reward,episode_steps,mean_speed,mean_care,buffer_size,critic_loss,actor_loss,alpha,consistency_loss,contrastive_loss,mean_novelty,mean_weight,q_mean,novelty_raw,delta_mpl_cust_pred,delta_mpl_total,delta_mpl_cust,spread,spread_value,s_cust,s_plat,rebate,captured_spread,w_h_indexed,customer_cost,consumer_surplus
0,0.017,0,0,0,0.0,0.1,0.0,60,0.0,18.0,0.0,0.0,-0.1,0.0,-6.0,60,0.499,0.457,60,0.0,0.0,0.0,0.0,0.0,0.0,1.0,0.0,0.5,0.0,0.0,0.0,0.0,0.0,0.0,0.0,0.0,0.0,18.0,0.0,18.0
1,0.017,1,3,2,0.6667,0.0999,60.0,60,-22.0,18.0,-1.2222,1.0,-22.1,0.0057,-193.21,60,0.569,0.48,120,0.0,0.0,0.0,0.0,0.0,0.0,1.0,0.0,0.5,0.0,60.0,0.0,0.0,0.0,0.0,0.0,0.0,0.0,18.0,0.0,18.0
2,0.017,1,1,0,0.0,0.0999,60.0,60,18.0,18.0,1.0,1.0,17.9,0.0047,927.03,60,0.464,0.481,180,0.0,0.0,0.0,0.0,0.0,0.0,1.0,0.0,0.5,0.0,0.0,0.0,0.0,0.0,0.0,0.0,0.0,0.0,18.0,18.0,0.0
3,0.017,1,1,0,0.0,0.0998,60.0,60,18.0,18.0,1.0,1.0,17.9,0.0037,3428.26,60,0.566,0.512,240,0.0,0.0,0.0,0.0,0.0,0.0,1.0,0.0,0.5,0.0,0.0,0.0,0.0,0.0,0.0,0.0,0.0,0.0,18.0,18.0,0.0
4,0.017,1,1,0,0.0,0.0997,60.0,60,18.0,18.0,1.0,1.0,17.9,0.0027,30.31,60,0.561,0.424,300,0.0,0.0,0.0,0.0,0.0,0.0,1.0,0.0,0.5,0.0,0.0,0.0,0.0,0.0,0.0,0.0,0.0,0.0,18.0,18.0,0.0
5,0.017,2,2,0,0.0,0.0997,120.0,60,36.0,18.0,2.0,2.0,35.9,0.0017,1821.67,60,0.524,0.51,360,0.0,0.0,0.0,0.0,0.0,0.0,1.0,0.0,0.5,0.0,60.0,0.0,18.0,0.3,0.0,1.0,0.0,0.3,18.0,18.0,0.0
6,0.017,0,0,0,0.0,0.0996,0.0,60,0.0,18.0,0.0,0.0,-0.1,0.0007,-6.0,60,0.479,0.383,420,0.0,0.0,0.0,0.0,0.0,0.0,1.0,0.0,0.5,0.0,-120.0,0.0,0.0,0.0,0.0,0.0,0.0,0.0,18.0,0.0,18.0
7,0.017,1,1,0,0.0,0.0995,60.0,60,18.0,18.0,1.0,1.0,17.9,0.0,845.49,60,0.426,0.529,480,0.0,0.0,0.0,0.0,0.0,0.0,1.0,0.0,0.5,0.0,60.0,0.0,0.0,0.0,0.0,0.0,0.0,0.0,18.0,18.0,0.0
8,0.017,1,1,0,0.0,0.0995,60.0,60,18.0,18.0,1.0,1.0,17.9,0.0,632.36,60,0.51,0.514,540,0.0,0.0,0.0,0.0,0.0,0.0,1.0,0.0,0.5,0.0,0.0,0.0,0.0,0.0,0.0,0.0,0.0,0.0,18.0,18.0,0.0
9,0.017,1,1,0,0.0,0.0994,60.0,60,18.0,18.0,1.0,1.0,17.9,0.0,1062.18,60,0.452,0.528,600,0.0,0.0,0.0,0.0,0.0,0.0,1.0,0.0,0.5,0.0,0.0,0.0,0.0,0.0,0.0,0.0,0.0,0.0,18.0,18.0,0.0
10,0.017,0,0,0,0.0,0.0993,0.0,60,0.0,18.0,0.0,0.0,-0.1,0.0,-6.0,60,0.493,0.518,660,0.0,0.0,0.0,0.0,0.0,0.0,1.0,0.0,0.5,0.8393,-60.0,0.8393,0.0,0.0,0.0,0.0,0.0,0.0,18.0,0.0,18.0
11,0.017,2,2,0,0.0,0.0993,120.0,60,36.0,18.0,2.0,2.0,35.9,0.0,2952.81,60,0.488,0.513,720,0.0,0.0,0.0,0.0,0.0,0.0,1.0,0.0,0.5,0.0788,120.0,0.0788,18.0,0.3,0.0007,0.9993,0.0002,0.2998,18.0,18.0,0.0
12,0.017,1,2,1,0.5,0.0992,60.0,60,-12.0,18.0,-0.6667,1.0,-12.1,0.004,-195.49,60,0.487,0.527,780,0.0,0.0,0.0,0.0,0.0,0.0,1.0,0.0,0.5,1.5778,-60.0,1.5778,0.0,0.0,0.0,0.0,0.0,0.0,18.0,0.0,18.0
13,0.017,2,2,0,0.0,0.0991,120.0,60,36.0,18.0,2.0,2.0,35.9,0.003,3452.52,60,0.616,0.454,840,0.0,0.0,0.0,0.0,0.0,0.0,1.0,0.0,0.5,0.8081,60.0,0.8081,18.0,0.3,0.0135,0.9865,0.004,0.296,18.0,18.0,0.0
14,0.017,0,0,0,0.0,0.0991,0.0,60,0.0,18.0,0.0,0.0,-0.1,0.002,-6.0,60,0.455,0.443,900,0.0,0.0,0.0,0.0,0.0,0.0,1.0,0.0,0.5,1.548,-120.0,1.548,0.0,0.0,0.0,0.0,0.0,0.0,18.0,0.0,18.0
15,0.017,0,0,0,0.0,0.099,0.0,60,0.0,18.0,0.0,0.0,-0.1,0.001,-6.0,60,0.551,0.464,960,0.0,0.0,0.0,0.0,0.0,0.0,1.0,0.0,0.5,0.0286,0.0,0.0286,0.0,0.0,0.0,0.0,0.0,0.0,18.0,0.0,18.0
16,0.017,1,1,0,0.0,0.0989,60.0,60,18.0,18.0,1.0,1.0,17.9,0.0,30.31,60,0.555,0.452,1020,0.0,0.0,0.0,0.0,0.0,0.0,1.0,0.0,0.5,0.0283,60.0,0.0283,0.0,0.0,0.0,0.0,0.0,0.0,18.0,18.0,0.0
17,0.017,0,0,0,0.0,0.0989,0.0,60,0.0,18.0,0.0,0.0,-0.1,0.0,-6.0,60,0.487,0.564,1080,1754.098145,-6.185687,0.0983,0.0,0.0,0.5351,1.0,6.18,0.5351,0.7889,-60.0,0.7889,0.0,0.0,0.0,0.0,0.0,0.0,18.0,0.0,18.0
0,0.006,0,0,0,0.0,0.1,0.0,60,0.0,18.0,0.0,0.0,-0.1,0.0,-2.0,20,0.632,0.572,20,0.0,0.0,0.0,0.0,0.0,0.0,1.0,0.0,0.5,0.0,0.0,0.0,0.0,0.0,0.0,0.0,0.0,0.0,18.0,0.0,18.0
1,0.006,0,0,0,0.0,0.0999,0.0,60,0.0,18.0,0.0,0.0,-0.1,0.0,-2.0,20,0.505,0.452,40,0.0,0.0,0.0,0.0,0.0,0.0,1.0,0.0,0.5,0.0,0.0,0.0,0.0,0.0,0.0,0.0,0.0,0.0,18.0,0.0,18.0
2,0.006,1,1,0,0.0,0.0999,180.0,60,54.0,18.0,3.0,3.0,53.9,0.0,1083.27,20,0.361,0.348,60,0.0,0.0,0.0,0.0,0.0,0.0,1.0,0.0,0.5,0.0,180.0,0.0,36.0,0.2,0.0,1.0,0.0,0.2,18.0,18.0,0.0
3,0.006,1,2,1,0.5,0.0998,180.0,60,-36.0,18.0,-2.0,3.0,-36.1,0.004,-38.0,20,0.537,0.481,80,0.0,0.0,0.0,0.0,0.0,0.0,1.0,0.0,0.5,0.0,0.0,0.0,0.0,0.0,0.0,0.0,0.0,0.0,18.0,0.0,18.0
4,0.006,1,1,0,0.0,0.0997,180.0,60,54.0,18.0,3.0,3.0,53.9,0.003,371.87,20,0.656,0.574,100,0.0,0.0,0.0,0.0,0.0,0.0,1.0,0.0,0.5,0.0,0.0,0.0,36.0,0.2,0.0,1.0,0.0,0.2,18.0,18.0,0.0
5,0.006,0,0,0,0.0,0.0997,0.0,60,0.0,18.0,0.0,0.0,-0.1,0.002,-2.0,20,0.512,0.385,120,0.0,0.0,0.0,0.0,0.0,0.0,1.0,0.0,0.5,0.0,-180.0,0.0,0.0,0.0,0.0,0.0,0.0,0.0,18.0,0.0,18.0
6,0.006,0,0,0,0.0,0.0996,0.0,60,0.0,18.0,0.0,0.0,-0.1,0.001,-2.0,20,0.442,0.465,140,0.0,0.0,0.0,0.0,0.0,0.0,1.0,0.0,0.5,0.0,0.0,0.0,0.0,0.0,0.0,0.0,0.0,0.0,18.0,0.0,18.0
7,0.006,0,0,0,0.0,0.0995,0.0,60,0.0,18.0,0.0,0.0,-0.1,0.0,-2.0,20,0.481,0.352,160,0.0,0.0,0.0,0.0,0.0,0.0,1.0,0.0,0.5,0.0,0.0,0.0,0.0,0.0,0.0,0.0,0.0,0.0,18.0,0.0,18.0
8,0.006,0,0,0,0.0,0.0995,0.0,60,0.0,18.0,0.0,0.0,-0.1,0.0,-2.0,20,0.469,0.625,180,0.0,0.0,0.0,0.0,0.0,0.0,1.0,0.0,0.5,0.0,0.0,0.0,0.0,0.0,0.0,0.0,0.0,0.0,18.0,0.0,18.0
9,0.006,0,0,0,0.0,0.0994,0.0,60,0.0,18.0,0.0,0.0,-0.1,0.0,-2.0,20,0.573,0.49,200,0.0,0.0,0.0,0.0,0.0,0.0,1.0,0.0,0.5,0.0,0.0,0.0,0.0,0.0,0.0,0.0,0.0,0.0,18.0,0.0,18.0
0,0.006,0,0,0,0.0,0.1,0.0,60,0.0,18.0,0.0,0.0,-0.1,0.0,-2.0,20,0.632,0.572,20,0.0,0.0,0.0,0.0,0.0,0.0,1.0,0.0,0.5,0.0,0.0,0.0,0.0,0.0,0.0,0.0,0.0,0.0,18.0,0.0,18.0
1,0.006,0,0,0,0.0,0.0999,0.0,60,0.0,18.0,0.0,0.0,-0.1,0.0,-2.0,20,0.505,0.452,40,0.0,0.0,0.0,0.0,0.0,0.0,1.0,0.0,0.5,0.0,0.0,0.0,0.0,0.0,0.0,0.0,0.0,0.0,18.0,0.0,18.0
2,0.006,1,1,0,0.0,0.0999,180.0,60,54.0,18.0,3.0,3.0,53.9,0.0,1083.27,20,0.361,0.348,60,0.0,0.0,0.0,0.0,0.0,0.0,1.0,0.0,0.5,0.0,180.0,0.0,36.0,0.2,0.0,1.0,0.0,0.2,18.0,18.0,0.0
3,0.006,1,2,1,0.5,0.0998,180.0,60,-36.0,18.0,-2.0,3.0,-36.1,0.004,-38.0,20,0.537,0.481,80,0.0,0.0,0.0,0.0,0.0,0.0,1.0,0.0,0.5,0.0,0.0,0.0,0.0,0.0,0.0,0.0,0.0,0.0,18.0,0.0,18.0
4,0.006,1,1,0,0.0,0.0997,180.0,60,54.0,18.0,3.0,3.0,53.9,0.003,371.87,20,0.656,0.574,100,0.0,0.0,0.0,0.0,0.0,0.0,1.0,0.0,0.5,0.0,0.0,0.0,36.0,0.2,0.0,1.0,0.0,0.2,18.0,18.0,0.0
5,0.006,0,0,0,0.0,0.0997,0.0,60,0.0,18.0,0.0,0.0,-0.1,0.002,-2.0,20,0.512,0.385,120,0.0,0.0,0.0,0.0,0.0,0.0,1.0,0.0,0.5,0.0,-180.0,0.0,0.0,0.0,0.0,0.0,0.0,0.0,18.0,0.0,18.0
6,0.006,0,0,0,0.0,0.0996,0.0,60,0.0,18.0,0.0,0.0,-0.1,0.001,-2.0,20,0.442,0.465,140,0.0,0.0,0.0,0.0,0.0,0.0,1.0,0.0,0.5,0.0,0.0,0.0,0.0,0.0,0.0,0.0,0.0,0.0,18.0,0.0,18.0
7,0.006,0,0,0,0.0,0.0995,0.0,60,0.0,18.0,0.0,0.0,-0.1,0.0,-2.0,20,0.481,0.352,160,0.0,0.0,0.0,0.0,0.0,0.0,1.0,0.0,0.5,0.0,0.0,0.0,0.0,0.0,0.0,0.0,0.0,0.0,18.0,0.0,18.0
8,0.006,0,0,0,0.0,0.0995,0.0,60,0.0,18.0,0.0,0.0,-0.1,0.0,-2.0,20,0.469,0.625,180,0.0,0.0,0.0,0.0,0.0,0.0,1.0,0.0,0.5,0.0,0.0,0.0,0.0,0.0,0.0,0.0,0.0,0.0,18.0,0.0,18.0
9,0.006,0,0,0,0.0,0.0994,0.0,60,0.0,18.0,0.0,0.0,-0.1,0.0,-2.0,20,0.573,0.49,200,0.0,0.0,0.0,0.0,0.0,0.0,1.0,0.0,0.5,0.0,0.0,0.0,0.0,0.0,0.0,0.0,0.0,0.0,18.0,0.0,18.0
10,0.006,1,1,0,0.0,0.0993,180.0,60,54.0,18.0,3.0,3.0,53.9,0.0,2263.56,20,0.599,0.508,220,0.0,0.0,0.0,0.0,0.0,0.0,1.0,0.0,0.5,-0.1354,180.0,-0.1354,36.0,0.2,0.0,1.0,0.0,0.2,18.0,18.0,0.0
11,0.006,1,1,0,0.0,0.0993,180.0,60,54.0,18.0,3.0,3.0,53.9,0.0,1633.56,20,0.525,0.539,240,0.0,0.0,0.0,0.0,0.0,0.0,1.0,0.0,0.5,2.1163,0.0,2.1163,36.0,0.2,1.0,0.0,0.2,0.0,18.0,18.0,0.0
12,0.006,1,1,0,0.0,0.0992,180.0,60,54.0,18.0,3.0,3.0,53.9,0.0,1083.27,20,0.594,0.468,260,0.0,0.0,0.0,0.0,0.0,0.0,1.0,0.0,0.5,2.0898,0.0,2.0898,36.0,0.2,1.0,0.0,0.2,0.0,18.0,18.0,0.0
13,0.006,1,1,0,0.0,0.0991,180.0,60,54.0,18.0,3.0,3.0,53.9,0.0,532.09,20,0.589,0.313,280,0.0,0.0,0.0,0.0,0.0,0.0,1.0,0.0,0.5,2.0637,0.0,2.0637,36.0,0.2,1.0,0.0,0.2,0.0,18.0,18.0,0.0
14,0.006,1,1,0,0.0,0.0991,180.0,60,54.0,18.0,3.0,3.0,53.9,0.0,1237.56,20,0.502,0.49,300,0.0,0.0,0.0,0.0,0.0,0.0,1.0,0.0,0.5,2.0379,0.0,2.0379,36.0,0.2,1.0,0.0,0.2,0.0,18.0,18.0,0.0
15,0.006,0,0,0,0.0,0.099,0.0,60,0.0,18.0,0.0,0.0,-0.1,0.0,-2.0,20,0.475,0.525,320,0.0,0.0,0.0,0.0,0.0,0.0,1.0,0.0,0.5,2.0124,-180.0,2.0124,0.0,0.0,0.0,0.0,0.0,0.0,18.0,0.0,18.0
16,0.006,1,1,0,0.0,0.0989,180.0,60,54.0,18.0,3.0,3.0,53.9,0.0,1903.56,20,0.55,0.448,340,0.0,0.0,0.0,0.0,0.0,0.0,1.0,0.0,0.5,-0.2627,180.0,-0.2627,36.0,0.2,0.0,1.0,0.0,0.2,18.0,18.0,0.0
17,0.006,0,0,0,0.0,0.0989,0.0,60,0.0,18.0,0.0,0.0,-0.1,0.0,-2.0,20,0.548,0.558,360,0.0,0.0,0.0,0.0,0.0,0.0,1.0,0.0,0.5,1.9905,-180.0,1.9905,0.0,0.0,0.0,0.0,0.0,0.0,18.0,0.0,18.0
18,0.006,1,1,0,0.0,0.0988,180.0,60,54.0,18.0,3.0,3.0,53.9,0.0,371.87,20,0.401,0.305,380,0.0,0.0,0.0,0.0,0.0,0.0,1.0,0.0,0.5,-0.2843,180.0,-0.2843,36.0,0.2,0.0,1.0,0.0,0.2,18.0,18.0,0.0
19,0.006,0,0,0,0.0,0.0987,0.0,60,0.0,18.0,0.0,0.0,-0.1,0.0,-2.0,20,0.524,0.416,400,0.0,0.0,0.0,0.0,0.0,0.0,1.0,0.0,0.5,1.9692,-180.0,1.9692,0.0,0.0,0.0,0.0,0.0,0.0,18.0,0.0,18.0
20,0.006,0,0,0,0.0,0.0987,0.0,60,0.0,18.0,0.0,0.0,-0.1,0.0,-2.0,20,0.512,0.429,420,0.0,0.0,0.0,0.0,0.0,0.0,1.0,0.0,0.5,-0.3054,0.0,-0.3054,0.0,0.0,0.0,0.0,0.0,0.0,18.0,0.0,18.0
21,0.006,0,0,0,0.0,0.0986,0.0,60,0.0,18.0,0.0,0.0,-0.1,0.0,-2.0,20,0.444,0.475,440,0.0,0.0,0.0,0.0,0.0,0.0,1.0,0.0,0.5,-0.3016,0.0,-0.3016,0.0,0.0,0.0,0.0,0.0,0.0,18.0,0.0,18.0
22,0.006,0,0,0,0.0,0.0985,0.0,60,0.0,18.0,0.0,0.0,-0.1,0.0,-2.0,20,0.415,0.551,460,0.0,0.0,0.0,0.0,0.0,0.0,1.0,0.0,0.5,-0.2978,0.0,-0.2978,0.0,0.0,0.0,0.0,0.0,0.0,18.0,0.0,18.0
23,0.006,1,1,0,0.0,0.0985,180.0,60,54.0,18.0,3.0,3.0,53.9,0.0,52.0,20,0.419,0.56,480,0.0,0.0,0.0,0.0,0.0,0.0,1.0,0.0,0.5,-0.2941,180.0,-0.2941,36.0,0.2,0.0,1.0,0.0,0.2,18.0,18.0,0.0
24,0.006,0,0,0,0.0,0.0984,0.0,60,0.0,18.0,0.0,0.0,-0.1,0.0,-2.0,20,0.583,0.447,500,0.0,0.0,0.0,0.0,0.0,0.0,1.0,0.0,0.5,1.9596,-180.0,1.9596,0.0,0.0,0.0,0.0,0.0,0.0,18.0,0.0,18.0
25,0.006,0,0,0,0.0,0.0983,0.0,60,0.0,18.0,0.0,0.0,-0.1,0.0,-2.0,20,0.57,0.543,520,0.0,0.0,0.0,0.0,0.0,0.0,1.0,0.0,0.5,-0.3149,0.0,-0.3149,0.0,0.0,0.0,0.0,0.0,0.0,18.0,0.0,18.0
26,0.006,0,0,0,0.0,0.0983,0.0,60,0.0,18.0,0.0,0.0,-0.1,0.0,-2.0,20,0.377,0.551,540,0.0,0.0,0.0,0.0,0.0,0.0,1.0,0.0,0.5,-0.311,0.0,-0.311,0.0,0.0,0.0,0.0,0.0,0.0,18.0,0.0,18.0
27,0.006,0,0,0,0.0,0.0982,0.0,60,0.0,18.0,0.0,0.0,-0.1,0.0,-2.0,20,0.544,0.501,560,0.0,0.0,0.0,0.0,0.0,0.0,1.0,0.0,0.5,-0.3071,0.0,-0.3071,0.0,0.0,0.0,0.0,0.0,0.0,18.0,0.0,18.0
28,0.006,1,1,0,0.0,0.0981,180.0,60,54.0,18.0,3.0,3.0,53.9,0.0,948.27,20,0.448,0.526,580,0.0,0.0,0.0,0.0,0.0,0.0,1.0,0.0,0.5,-0.3033,180.0,-0.3033,36.0,0.2,0.0,1.0,0.0,0.2,18.0,18.0,0.0
29,0.006,0,1,1,1.0,0.0981,0.0,60,0.0,18.0,0.0,0.0,-0.1,0.009,-2.0,20,0.364,0.557,600,0.0,0.0,0.0,0.0,0.0,0.0,1.0,0.0,0.5,1.9505,-180.0,1.9505,0.0,0.0,0.0,0.0,0.0,0.0,18.0,0.0,18.0
30,0.006,0,0,0,0.0,0.098,0.0,60,0.0,18.0,0.0,0.0,-0.1,0.008,-2.0,20,0.566,0.534,620,0.0,0.0,0.0,0.0,0.0,0.0,1.0,0.0,0.5,-0.3238,0.0,-0.3238,0.0,0.0,0.0,0.0,0.0,0.0,18.0,0.0,18.0
31,0.006,0,0,0,0.0,0.0979,0.0,60,0.0,18.0,0.0,0.0,-0.1,0.0071,-2.0,20,0.402,0.442,640,0.0,0.0,0.0,0.0,0.0,0.0,1.0,0.0,0.5,-0.3198,0.0,-0.3198,0.0,0.0,0.0,0.0,0.0,0.0,18.0,0.0,18.0
32,0.006,1,1,0,0.0,0.0979,180.0,60,54.0,18.0,3.0,3.0,53.9,0.0061,622.09,20,0.512,0.579,660,0.0,0.0,0.0,0.0,0.0,0.0,1.0,0.0,0.5,-0.3158,180.0,-0.3158,36.0,0.2,0.0,1.0,0.0,0.2,18.0,18.0,0.0
33,0.006,0,0,0,0.0,0.0978,0.0,60,0.0,18.0,0.0,0.0,-0.1,0.0051,-2.0,20,0.451,0.492,680,0.0,0.0,0.0,0.0,0.0,0.0,1.0,0.0,0.5,1.9381,-180.0,1.9381,0.0,0.0,0.0,0.0,0.0,0.0,18.0,0.0,18.0
34,0.006,0,0,0,0.0,0.0977,0.0,60,0.0,18.0,0.0,0.0,-0.1,0.0041,-2.0,20,0.532,0.459,700,0.0,0.0,0.0,0.0,0.0,0.0,1.0,0.0,0.5,-0.3361,0.0,-0.3361,0.0,0.0,0.0,0.0,0.0,0.0,18.0,0.0,18.0
35,0.006,2,2,0,0.0,0.0977,360.0,60,108.0,18.0,6.0,6.0,107.9,0.0031,1194.12,20,0.48,0.589,720,0.0,0.0,0.0,0.0,0.0,0.0,1.0,0.0,0.5,-0.3319,360.0,-0.3319,90.0,0.5,0.0,1.0,0.0,0.5,18.0,18.0,0.0
36,0.006,0,0,0,0.0,0.0976,0.0,60,0.0,18.0,0.0,0.0,-0.1,0.0022,-2.0,20,0.521,0.381,740,0.0,0.0,0.0,0.0,0.0,0.0,1.0,0.0,0.5,4.1723,-360.0,4.1723,0.0,0.0,0.0,0.0,0.0,0.0,18.0,0.0,18.0
37,0.006,1,1,0,0.0,0.0975,180.0,60,54.0,18.0,3.0,3.0,53.9,0.0012,168.84,20,0.493,0.532,760,0.0,0.0,0.0,0.0,0.0,0.0,1.0,0.0,0.5,-0.3799,180.0,-0.3799,36.0,0.2,0.0,1.0,0.0,0.2,18.0,18.0,0.0
38,0.006,1,1,0,0.0,0.0975,180.0,60,54.0,18.0,3.0,3.0,53.9,0.0002,108.84,20,0.447,0.667,780,0.0,0.0,0.0,0.0,0.0,0.0,1.0,0.0,0.5,1.8749,0.0,1.8749,36.0,0.2,1.0,0.0,0.2,0.0,18.0,18.0,0.0
39,0.006,1,1,0,0.0,0.0974,180.0,60,54.0,18.0,3.0,3.0,53.9,0.0,1633.56,20,0.625,0.596,800,0.0,0.0,0.0,0.0,0.0,0.0,1.0,0.0,0.5,1.8514,0.0,1.8514,36.0,0.2,1.0,0.0,0.2,0.0,18.0,18.0,0.0
40,0.006,0,0,0,0.0,0.0973,0.0,60,0.0,18.0,0.0,0.0,-0.1,0.0,-2.0,20,0.566,0.316,820,0.0,0.0,0.0,0.0,0.0,0.0,1.0,0.0,0.5,1.8283,-180.0,1.8283,0.0,0.0,0.0,0.0,0.0,0.0,18.0,0.0,18.0
41,0.006,1,1,0,0.0,0.0973,180.0,60,54.0,18.0,3.0,3.0,53.9,0.0,1633.56,20,0.657,0.451,840,0.0,0.0,0.0,0.0,0.0,0.0,1.0,0.0,0.5,-0.4446,180.0,-0.4446,36.0,0.2,0.0,1.0,0.0,0.2,18.0,18.0,0.0
42,0.006,0,0,0,0.0,0.0972,0.0,60,0.0,18.0,0.0,0.0,-0.1,0.0,-2.0,20,0.458,0.382,860,0.0,0.0,0.0,0.0,0.0,0.0,1.0,0.0,0.5,1.811,-180.0,1.811,0.0,0.0,0.0,0.0,0.0,0.0,18.0,0.0,18.0
43,0.006,0,0,0,0.0,0.0971,0.0,60,0.0,18.0,0.0,0.0,-0.1,0.0,-2.0,20,0.423,0.506,880,0.0,0.0,0.0,0.0,0.0,0.0,1.0,0.0,0.5,-0.4616,0.0,-0.4616,0.0,0.0,0.0,0.0,0.0,0.0,18.0,0.0,18.0
44,0.006,0,0,0,0.0,0.0971,0.0,60,0.0,18.0,0.0,0.0,-0.1,0.0,-2.0,20,0.483,0.441,900,0.0,0.0,0.0,0.0,0.0,0.0,1.0,0.0,0.5,-0.4559,0.0,-0.4559,0.0,0.0,0.0,0.0,0.0,0.0,18.0,0.0,18.0
45,0.006,1,1,0,0.0,0.097,180.0,60,54.0,18.0,3.0,3.0,53.9,0.0,622.09,20,0.579,0.484,920,0.0,0.0,0.0,0.0,0.0,0.0,1.0,0.0,0.5,-0.4502,180.0,-0.4502,36.0,0.2,0.0,1.0,0.0,0.2,18.0,18.0,0.0
46,0.006,1,1,0,0.0,0.0969,180.0,60,54.0,18.0,3.0,3.0,53.9,0.0,108.84,20,0.511,0.417,940,0.0,0.0,0.0,0.0,0.0,0.0,1.0,0.0,0.5,1.8054,0.0,1.8054,36.0,0.2,1.0,0.0,0.2,0.0,18.0,18.0,0.0
47,0.006,0,0,0,0.0,0.0969,0.0,60,0.0,18.0,0.0,0.0,-0.1,0.0,-2.0,20,0.564,0.49,960,0.0,0.0,0.0,0.0,0.0,0.0,1.0,0.0,0.5,1.7829,-180.0,1.7829,0.0,0.0,0.0,0.0,0.0,0.0,18.0,0.0,18.0
48,0.006,3,3,0,0.0,0.0968,540.0,60,162.0,18.0,9.0,9.0,161.9,0.0,2106.27,20,0.561,0.446,980,0.0,0.0,0.0,0.0,0.0,0.0,1.0,0.0,0.5,-0.4894,540.0,-0.4894,144.0,0.8,0.0,1.0,0.0,0.8,18.0,18.0,0.0
49,0.006,0,0,0,0.0,0.0967,0.0,60,0.0,18.0,0.0,0.0,-0.1,0.0,-2.0,20,0.549,0.408,1000,0.0,0.0,0.0,0.0,0.0,0.0,1.0,0.0,0.5,6.2667,-540.0,6.2667,0.0,0.0,0.0,0.0,0.0,0.0,18.0,0.0,18.0
50,0.006,0,0,0,0.0,0.0967,0.0,60,0.0,18.0,0.0,0.0,-0.1,0.0,-2.0,20,0.555,0.503,1020,0.0,0.0,0.0,0.0,0.0,0.0,1.0,0.0,0.5,-0.5616,0.0,-0.5616,0.0,0.0,0.0,0.0,0.0,0.0,18.0,0.0,18.0
51,0.006,0,0,0,0.0,0.0966,0.0,60,0.0,18.0,0.0,0.0,-0.1,0.0,-2.0,20,0.454,0.503,1040,4434.050781,-0.624383,0.0994,0.0,0.0,0.5236,1.0,0.49,0.5236,-0.5598,0.0,-0.5598,0.0,0.0,0.0,0.0,0.0,0.0,18.0,0.0,18.0
52,0.006,0,0,0,0.0,0.0965,0.0,60,0.0,18.0,0.0,0.0,-0.1,0.0,-2.0,20,0.567,0.568,1060,4317.387695,-2.263889,0.0988,0.0,0.0,0.53,1.0,2.16,0.53,-0.5541,0.0,-0.5541,0.0,0.0,0.0,0.0,0.0,0.0,18.0,0.0,18.0
53,0.006,1,1,0,0.0,0.0965,180.0,60,54.0,18.0,3.0,3.0,53.9,0.0,371.87,20,0.63,0.772,1080,4097.956543,-6.528217,0.0983,0.0,0.0,0.5388,1.0,6.53,0.5388,-0.5489,180.0,-0.5489,36.0,0.2,0.0,1.0,0.0,0.2,18.0,18.0,0.0
0,0.006,1,1,0,0.0,0.1,180.0,60,54.0,18.0,3.0,3.0,53.9,0.0,2263.56,20,0.632,0.572,20,0.0,0.0,0.0,0.0,0.0,0.0,1.0,0.0,0.5,0.0,0.0,0.0,36.0,0.2,0.0,1.0,0.0,0.2,18.0,18.0,0.0
1,0.006,0,0,0,0.0,0.0999,0.0,60,0.0,18.0,0.0,0.0,-0.1,0.0,-2.0,20,0.505,0.452,40,0.0,0.0,0.0,0.0,0.0,0.0,1.0,0.0,0.5,0.0,-180.0,0.0,0.0,0.0,0.0,0.0,0.0,0.0,18.0,0.0,18.0
2,0.006,3,3,0,0.0,0.0999,540.0,60,162.0,18.0,9.0,9.0,161.9,0.0,3744.67,20,0.361,0.348,60,0.0,0.0,0.0,0.0,0.0,0.0,1.0,0.0,0.5,0.0,540.0,0.0,144.0,0.8,0.0,1.0,0.0,0.8,18.0,18.0,0.0
3,0.006,0,0,0,0.0,0.0998,0.0,60,0.0,18.0,0.0,0.0,-0.1,0.0,-2.0,20,0.537,0.481,80,0.0,0.0,0.0,0.0,0.0,0.0,1.0,0.0,0.5,0.0,-540.0,0.0,0.0,0.0,0.0,0.0,0.0,0.0,18.0,0.0,18.0
4,0.006,2,2,0,0.0,0.0997,360.0,60,108.0,18.0,6.0,6.0,107.9,0.0,891.12,20,0.656,0.574,100,0.0,0.0,0.0,0.0,0.0,0.0,1.0,0.0,0.5,0.0,360.0,0.0,90.0,0.5,0.0,1.0,0.0,0.5,18.0,18.0,0.0
0,0.006,1,1,0,0.0,0.1,180.0,60,54.0,18.0,3.0,3.0,53.9,0.0,2263.56,20,0.632,0.572,20,0.0,0.0,0.0,0.0,0.0,0.0,1.0,0.0,0.5,0.0,0.0,0.0,36.0,0.2,0.0,1.0,0.0,0.2,18.0,18.0,0.0
1,0.006,0,0,0,0.0,0.0999,0.0,60,0.0,18.0,0.0,0.0,-0.1,0.0,-2.0,20,0.505,0.452,40,0.0,0.0,0.0,0.0,0.0,0.0,1.0,0.0,0.5,0.0,-180.0,0.0,0.0,0.0,0.0,0.0,0.0,0.0,18.0,0.0,18.0
2,0.006,3,3,0,0.0,0.0999,540.0,60,162.0,18.0,9.0,9.0,161.9,0.0,3744.67,20,0.361,0.348,60,0.0,0.0,0.0,0.0,0.0,0.0,1.0,0.0,0.5,0.0,540.0,0.0,144.0,0.8,0.0,1.0,0.0,0.8,18.0,18.0,0.0
3,0.006,0,0,0,0.0,0.0998,0.0,60,0.0,18.0,0.0,0.0,-0.1,0.0,-2.0,20,0.537,0.481,80,0.0,0.0,0.0,0.0,0.0,0.0,1.0,0.0,0.5,0.0,-540.0,0.0,0.0,0.0,0.0,0.0,0.0,0.0,18.0,0.0,18.0
4,0.006,2,2,0,0.0,0.0997,360.0,60,108.0,18.0,6.0,6.0,107.9,0.0,891.12,20,0.656,0.574,100,0.0,0.0,0.0,0.0,0.0,0.0,1.0,0.0,0.5,0.0,360.0,0.0,90.0,0.5,0.0,1.0,0.0,0.5,18.0,18.0,0.0
5,0.006,0,0,0,0.0,0.0997,0.0,60,0.0,18.0,0.0,0.0,-0.1,0.0,-2.0,20,0.512,0.385,120,0.0,0.0,0.0,0.0,0.0,0.0,1.0,0.0,0.5,0.0,-360.0,0.0,0.0,0.0,0.0,0.0,0.0,0.0,18.0,0.0,18.0
6,0.006,1,1,0,0.0,0.0996,180.0,60,54.0,18.0,3.0,3.0,53.9,0.0,720.27,20,0.442,0.465,140,0.0,0.0,0.0,0.0,0.0,0.0,1.0,0.0,0.5,0.0,180.0,0.0,36.0,0.2,0.0,1.0,0.0,0.2,18.0,18.0,0.0
7,0.006,0,0,0,0.0,0.0995,0.0,60,0.0,18.0,0.0,0.0,-0.1,0.0,-2.0,20,0.481,0.352,160,0.0,0.0,0.0,0.0,0.0,0.0,1.0,0.0,0.5,0.0,-180.0,0.0,0.0,0.0,0.0,0.0,0.0,0.0,18.0,0.0,18.0
8,0.006,0,0,0,0.0,0.0995,0.0,60,0.0,18.0,0.0,0.0,-0.1,0.0,-2.0,20,0.469,0.625,180,0.0,0.0,0.0,0.0,0.0,0.0,1.0,0.0,0.5,0.0,0.0,0.0,0.0,0.0,0.0,0.0,0.0,0.0,18.0,0.0,18.0
9,0.006,0,0,0,0.0,0.0994,0.0,60,0.0,18.0,0.0,0.0,-0.1,0.0,-2.0,20,0.573,0.49,200,0.0,0.0,0.0,0.0,0.0,0.0,1.0,0.0,0.5,0.0,0.0,0.0,0.0,0.0,0.0,0.0,0.0,0.0,18.0,0.0,18.0
10,0.006,0,0,0,0.0,0.0993,0.0,60,0.0,18.0,0.0,0.0,-0.1,0.0,-2.0,20,0.599,0.508,220,0.0,0.0,0.0,0.0,0.0,0.0,1.0,0.0,0.5,-2.2564,0.0,-2.2564,0.0,0.0,0.0,0.0,0.0,0.0,18.0,0.0,18.0
11,0.006,1,1,0,0.0,0.0993,180.0,60,54.0,18.0,3.0,3.0,53.9,0.0,1633.56,20,0.525,0.539,240,0.0,0.0,0.0,0.0,0.0,0.0,1.0,0.0,0.5,-2.2282,180.0,-2.2282,36.0,0.2,0.0,1.0,0.0,0.2,18.0,18.0,0.0
12,0.006,1,1,0,0.0,0.0992,180.0,60,54.0,18.0,3.0,3.0,53.9,0.0,1083.27,20,0.594,0.468,260,0.0,0.0,0.0,0.0,0.0,0.0,1.0,0.0,0.5,0.0497,0.0,0.0497,36.0,0.2,1.0,0.0,0.2,0.0,18.0,18.0,0.0
13,0.006,0,0,0,0.0,0.0991,0.0,60,0.0,18.0,0.0,0.0,-0.1,0.0,-2.0,20,0.589,0.313,280,0.0,0.0,0.0,0.0,0.0,0.0,1.0,0.0,0.5,0.0491,-180.0,0.0491,0.0,0.0,0.0,0.0,0.0,0.0,18.0,0.0,18.0
14,0.006,1,1,0,0.0,0.0991,180.0,60,54.0,18.0,3.0,3.0,53.9,0.0,232.37,20,0.502,0.49,300,0.0,0.0,0.0,0.0,0.0,0.0,1.0,0.0,0.5,-2.2015,180.0,-2.2015,36.0,0.2,0.0,1.0,0.0,0.2,18.0,18.0,0.0
15,0.006,0,0,0,0.0,0.099,0.0,60,0.0,18.0,0.0,0.0,-0.1,0.0,-2.0,20,0.475,0.525,320,0.0,0.0,0.0,0.0,0.0,0.0,1.0,0.0,0.5,0.076,-180.0,0.076,0.0,0.0,0.0,0.0,0.0,0.0,18.0,0.0,18.0
16,0.006,0,0,0,0.0,0.0989,0.0,60,0.0,18.0,0.0,0.0,-0.1,0.0,-2.0,20,0.55,0.448,340,0.0,0.0,0.0,0.0,0.0,0.0,1.0,0.0,0.5,-2.175,0.0,-2.175,0.0,0.0,0.0,0.0,0.0,0.0,18.0,0.0,18.0
17,0.006,0,0,0,0.0,0.0989,0.0,60,0.0,18.0,0.0,0.0,-0.1,0.0,-2.0,20,0.548,0.558,360,0.0,0.0,0.0,0.0,0.0,0.0,1.0,0.0,0.5,-2.1478,0.0,-2.1478,0.0,0.0,0.0,0.0,0.0,0.0,18.0,0.0,18.0
18,0.006,0,0,0,0.0,0.0988,0.0,60,0.0,18.0,0.0,0.0,-0.1,0.0,-2.0,20,0.401,0.305,380,0.0,0.0,0.0,0.0,0.0,0.0,1.0,0.0,0.5,-2.1209,0.0,-2.1209,0.0,0.0,0.0,0.0,0.0,0.0,18.0,0.0,18.0
19,0.006,0,0,0,0.0,0.0987,0.0,60,0.0,18.0,0.0,0.0,-0.1,0.0,-2.0,20,0.525,0.416,400,0.0,0.0,0.0,0.0,0.0,0.0,1.0,0.0,0.5,-2.0944,0.0,-2.0944,0.0,0.0,0.0,0.0,0.0,0.0,18.0,0.0,18.0
20,0.006,0,0,0,0.0,0.0987,0.0,60,0.0,18.0,0.0,0.0,-0.1,0.0,-2.0,20,0.512,0.429,420,0.0,0.0,0.0,0.0,0.0,0.0,1.0,0.0,0.5,-2.0682,0.0,-2.0682,0.0,0.0,0.0,0.0,0.0,0.0,18.0,0.0,18.0
21,0.006,1,1,0,0.0,0.0986,180.0,60,54.0,18.0,3.0,3.0,53.9,0.0,371.87,20,0.444,0.475,440,0.0,0.0,0.0,0.0,0.0,0.0,1.0,0.0,0.5,-2.0424,180.0,-2.0424,36.0,0.2,0.0,1.0,0.0,0.2,18.0,18.0,0.0
22,0.006,0,0,0,0.0,0.0985,0.0,60,0.0,18.0,0.0,0.0,-0.1,0.0,-2.0,20,0.415,0.551,460,0.0,0.0,0.0,0.0,0.0,0.0,1.0,0.0,0.5,0.2331,-180.0,0.2331,0.0,0.0,0.0,0.0,0.0,0.0,18.0,0.0,18.0
23,0.006,0,0,0,0.0,0.0985,0.0,60,0.0,18.0,0.0,0.0,-0.1,0.0,-2.0,20,0.419,0.56,480,0.0,0.0,0.0,0.0,0.0,0.0,1.0,0.0,0.5,-2.0198,0.0,-2.0198,0.0,0.0,0.0,0.0,0.0,0.0,18.0,0.0,18.0
24,0.006,0,0,0,0.0,0.0984,0.0,60,0.0,18.0,0.0,0.0,-0.1,0.0,-2.0,20,0.583,0.447,500,0.0,0.0,0.0,0.0,0.0,0.0,1.0,0.0,0.5,-1.9945,0.0,-1.9945,0.0,0.0,0.0,0.0,0.0,0.0,18.0,0.0,18.0
25,0.006,0,0,0,0.0,0.0983,0.0,60,0.0,18.0,0.0,0.0,-0.1,0.0,-2.0,20,0.57,0.543,520,0.0,0.0,0.0,0.0,0.0,0.0,1.0,0.0,0.5,-1.9696,0.0,-1.9696,0.0,0.0,0.0,0.0,0.0,0.0,18.0,0.0,18.0
26,0.006,0,0,0,0.0,0.0983,0.0,60,0.0,18.0,0.0,0.0,-0.1,0.0,-2.0,20,0.377,0.551,540,0.0,0.0,0.0,0.0,0.0,0.0,1.0,0.0,0.5,-1.945,0.0,-1.945,0.0,0.0,0.0,0.0,0.0,0.0,18.0,0.0,18.0
27,0.006,0,0,0,0.0,0.0982,0.0,60,0.0,18.0,0.0,0.0,-0.1,0.0,-2.0,20,0.544,0.501,560,0.0,0.0,0.0,0.0,0.0,0.0,1.0,0.0,0.5,-1.9207,0.0,-1.9207,0.0,0.0,0.0,0.0,0.0,0.0,18.0,0.0,18.0
28,0.006,1,1,0,0.0,0.0981,180.0,60,54.0,18.0,3.0,3.0,53.9,0.0,108.84,20,0.448,0.526,580,0.0,0.0,0.0,0.0,0.0,0.0,1.0,0.0,0.5,-1.8967,180.0,-1.8967,36.0,0.2,0.0,1.0,0.0,0.2,18.0,18.0,0.0
29,0.006,0,1,1,1.0,0.0981,0.0,60,0.0,18.0,0.0,0.0,-0.1,0.009,-2.0,20,0.364,0.557,600,0.0,0.0,0.0,0.0,0.0,0.0,1.0,0.0,0.5,0.3771,-180.0,0.3771,0.0,0.0,0.0,0.0,0.0,0.0,18.0,0.0,18.0
30,0.006,1,1,0,0.0,0.098,180.0,60,54.0,18.0,3.0,3.0,53.9,0.008,1237.56,20,0.566,0.534,620,0.0,0.0,0.0,0.0,0.0,0.0,1.0,0.0,0.5,-1.8777,180.0,-1.8777,36.0,0.2,0.0,1.0,0.0,0.2,18.0,18.0,0.0
31,0.006,0,0,0,0.0,0.0979,0.0,60,0.0,18.0,0.0,0.0,-0.1,0.0071,-2.0,20,0.402,0.442,640,0.0,0.0,0.0,0.0,0.0,0.0,1.0,0.0,0.5,0.3958,-180.0,0.3958,0.0,0.0,0.0,0.0,0.0,0.0,18.0,0.0,18.0
32,0.006,1,1,0,0.0,0.0979,180.0,60,54.0,18.0,3.0,3.0,53.9,0.0061,1237.56,20,0.512,0.579,660,0.0,0.0,0.0,0.0,0.0,0.0,1.0,0.0,0.5,-1.8591,180.0,-1.8591,36.0,0.2,0.0,1.0,0.0,0.2,18.0,18.0,0.0
33,0.006,0,0,0,0.0,0.0978,0.0,60,0.0,18.0,0.0,0.0,-0.1,0.0051,-2.0,20,0.451,0.492,680,0.0,0.0,0.0,0.0,0.0,0.0,1.0,0.0,0.5,0.4141,-180.0,0.4141,0.0,0.0,0.0,0.0,0.0,0.0,18.0,0.0,18.0
34,0.006,1,1,0,0.0,0.0977,180.0,60,54.0,18.0,3.0,3.0,53.9,0.0041,948.27,20,0.532,0.459,700,0.0,0.0,0.0,0.0,0.0,0.0,1.0,0.0,0.5,-1.8411,180.0,-1.8411,36.0,0.2,0.0,1.0,0.0,0.2,18.0,18.0,0.0
35,0.006,1,1,0,0.0,0.0977,180.0,60,54.0,18.0,3.0,3.0,53.9,0.0031,1633.56,20,0.48,0.589,720,0.0,0.0,0.0,0.0,0.0,0.0,1.0,0.0,0.5,0.4319,0.0,0.4319,36.0,0.2,1.0,0.0,0.2,0.0,18.0,18.0,0.0
36,0.006,0,0,0,0.0,0.0976,0.0,60,0.0,18.0,0.0,0.0,-0.1,0.0022,-2.0,20,0.521,0.381,740,0.0,0.0,0.0,0.0,0.0,0.0,1.0,0.0,0.5,0.4265,-180.0,0.4265,0.0,0.0,0.0,0.0,0.0,0.0,18.0,0.0,18.0
37,0.006,2,2,0,0.0,0.0975,360.0,60,108.0,18.0,6.0,6.0,107.9,0.0012,939.12,20,0.493,0.532,760,0.0,0.0,0.0,0.0,0.0,0.0,1.0,0.0,0.5,-1.8288,360.0,-1.8288,90.0,0.5,0.0,1.0,0.0,0.5,18.0,18.0,0.0
38,0.006,0,0,0,0.0,0.0975,0.0,60,0.0,18.0,0.0,0.0,-0.1,0.0002,-2.0,20,0.447,0.667,780,0.0,0.0,0.0,0.0,0.0,0.0,1.0,0.0,0.5,2.6941,-360.0,2.6941,0.0,0.0,0.0,0.0,0.0,0.0,18.0,0.0,18.0
39,0.006,1,1,0,0.0,0.0974,180.0,60,54.0,18.0,3.0,3.0,53.9,0.0,168.84,20,0.625,0.596,800,0.0,0.0,0.0,0.0,0.0,0.0,1.0,0.0,0.5,-1.8396,180.0,-1.8396,36.0,0.2,0.0,1.0,0.0,0.2,18.0,18.0,0.0
40,0.006,0,0,0,0.0,0.0973,0.0,60,0.0,18.0,0.0,0.0,-0.1,0.0,-2.0,20,0.566,0.316,820,0.0,0.0,0.0,0.0,0.0,0.0,1.0,0.0,0.5,0.4334,-180.0,0.4334,0.0,0.0,0.0,0.0,0.0,0.0,18.0,0.0,18.0
41,0.006,0,0,0,0.0,0.0973,0.0,60,0.0,18.0,0.0,0.0,-0.1,0.0,-2.0,20,0.657,0.451,840,0.0,0.0,0.0,0.0,0.0,0.0,1.0,0.0,0.5,-1.822,0.0,-1.822,0.0,0.0,0.0,0.0,0.0,0.0,18.0,0.0,18.0
42,0.006,0,0,0,0.0,0.0972,0.0,60,0.0,18.0,0.0,0.0,-0.1,0.0,-2.0,20,0.458,0.382,860,0.0,0.0,0.0,0.0,0.0,0.0,1.0,0.0,0.5,-1.7992,0.0,-1.7992,0.0,0.0,0.0,0.0,0.0,0.0,18.0,0.0,18.0
43,0.006,0,0,0,0.0,0.0971,0.0,60,0.0,18.0,0.0,0.0,-0.1,0.0,-2.0,20,0.423,0.506,880,0.0,0.0,0.0,0.0,0.0,0.0,1.0,0.0,0.5,-1.7768,0.0,-1.7768,0.0,0.0,0.0,0.0,0.0,0.0,18.0,0.0,18.0
44,0.006,1,1,0,0.0,0.0971,180.0,60,54.0,18.0,3.0,3.0,53.9,0.0,1237.56,20,0.483,0.441,900,0.0,0.0,0.0,0.0,0.0,0.0,1.0,0.0,0.5,-1.7545,180.0,-1.7545,36.0,0.2,0.0,1.0,0.0,0.2,18.0,18.0,0.0
45,0.006,0,0,0,0.0,0.097,0.0,60,0.0,18.0,0.0,0.0,-0.1,0.0,-2.0,20,0.579,0.484,920,0.0,0.0,0.0,0.0,0.0,0.0,1.0,0.0,0.5,0.5174,-180.0,0.5174,0.0,0.0,0.0,0.0,0.0,0.0,18.0,0.0,18.0
46,0.006,0,0,0,0.0,0.0969,0.0,60,0.0,18.0,0.0,0.0,-0.1,0.0,-2.0,20,0.511,0.417,940,0.0,0.0,0.0,0.0,0.0,0.0,1.0,0.0,0.5,-1.7391,0.0,-1.7391,0.0,0.0,0.0,0.0,0.0,0.0,18.0,0.0,18.0
47,0.006,0,0,0,0.0,0.0969,0.0,60,0.0,18.0,0.0,0.0,-0.1,0.0,-2.0,20,0.564,0.49,960,0.0,0.0,0.0,0.0,0.0,0.0,1.0,0.0,0.5,-1.7173,0.0,-1.7173,0.0,0.0,0.0,0.0,0.0,0.0,18.0,0.0,18.0
48,0.006,0,0,0,0.0,0.0968,0.0,60,0.0,18.0,0.0,0.0,-0.1,0.0,-2.0,20,0.561,0.446,980,0.0,0.0,0.0,0.0,0.0,0.0,1.0,0.0,0.5,-1.6959,0.0,-1.6959,0.0,0.0,0.0,0.0,0.0,0.0,18.0,0.0,18.0
49,0.006,0,0,0,0.0,0.0967,0.0,60,0.0,18.0,0.0,0.0,-0.1,0.0,-2.0,20,0.549,0.408,1000,0.0,0.0,0.0,0.0,0.0,0.0,1.0,0.0,0.5,-1.6747,0.0,-1.6747,0.0,0.0,0.0,0.0,0.0,0.0,18.0,0.0,18.0
50,0.006,2,2,0,0.0,0.0967,360.0,60,108.0,18.0,6.0,6.0,107.9,0.0,1130.14,20,0.555,0.503,1020,0.0,0.0,0.0,0.0,0.0,0.0,1.0,0.0,0.5,-1.6537,360.0,-1.6537,90.0,0.5,0.0,1.0,0.0,0.5,18.0,18.0,0.0
51,0.006,2,2,0,0.0,0.0966,360.0,60,108.0,18.0,6.0,6.0,107.9,0.0,2247.83,20,0.454,0.503,1040,6419.90918,-0.625432,0.0994,0.0,0.0,0.525,1.0,0.49,0.525,2.8956,0.0,2.8956,90.0,0.5,1.0,0.0,0.5,0.0,18.0,18.0,0.0
52,0.006,0,0,0,0.0,0.0965,0.0,60,0.0,18.0,0.0,0.0,-0.1,0.0,-2.0,20,0.566,0.568,1060,6278.887207,-2.245526,0.0988,0.0,0.0,0.5317,1.0,2.14,0.5317,2.8663,-360.0,2.8663,0.0,0.0,0.0,0.0,0.0,0.0,18.0,0.0,18.0
53,0.006,2,2,0,0.0,0.0965,360.0,60,108.0,18.0,6.0,6.0,107.9,0.0,2502.83,20,0.624,0.775,1080,6790.195312,-6.573352,0.0983,0.0,0.0,0.5399,1.0,6.57,0.5399,-1.7949,360.0,-1.7949,90.0,0.5,0.0,1.0,0.0,0.5,18.0,18.0,0.0
54,0.006,0,0,0,0.0,0.0964,0.0,60,0.0,18.0,0.0,0.0,-0.1,0.0,-2.0,20,0.736,0.901,1100,6293.211914,-14.910258,0.0979,0.0,0.0,0.5451,1.0,15.09,0.5451,2.8837,-360.0,2.8837,0.0,0.0,0.0,0.0,0.0,0.0,18.0,0.0,18.0
55,0.006,2,2,0,0.0,0.0963,360.0,60,108.0,18.0,6.0,6.0,107.9,0.0,2074.4,20,0.895,0.924,1120,6428.631836,-26.058777,0.0978,0.0,0.0,0.5528,1.0,26.31,0.5528,-1.8296,360.0,-1.8296,90.0,0.5,0.0,1.0,0.0,0.5,18.0,18.0,0.0
0,0.006,2,2,0,0.0,0.1,360.0,60,108.0,18.0,6.0,6.0,107.9,0.0,2434.4,20,0.631,0.549,20,0.0,0.0,0.0,0.0,0.0,0.0,1.0,0.0,0.7371,0.0,0.0,0.0,90.0,0.5,0.0,1.0,0.0,0.5,18.0,18.0,0.0
1,0.006,0,0,0,0.0,0.0999,0.0,60,0.0,18.0,0.0,0.0,-0.1,0.0,-2.0,20,0.47,0.393,40,0.0,0.0,0.0,0.0,0.0,0.0,1.0,0.0,0.7329,0.0,-360.0,0.0,0.0,0.0,0.0,0.0,0.0,0.0,18.0,0.0,18.0
2,0.006,2,2,0,0.0,0.0999,360.0,60,108.0,18.0,6.0,6.0,107.9,0.0,2527.65,20,0.489,0.534,60,0.0,0.0,0.0,0.0,0.0,0.0,1.0,0.0,0.7237,0.0,360.0,0.0,90.0,0.5,0.0,1.0,0.0,0.5,18.0,18.0,0.0
3,0.006,0,0,0,0.0,0.0998,0.0,60,0.0,18.0,0.0,0.0,-0.1,0.0,-2.0,20,0.463,0.402,80,0.0,0.0,0.0,0.0,0.0,0.0,1.0,0.0,0.7206,0.0,-360.0,0.0,0.0,0.0,0.0,0.0,0.0,0.0,18.0,0.0,18.0
4,0.006,0,0,0,0.0,0.0997,0.0,60,0.0,18.0,0.0,0.0,-0.1,0.0,-2.0,20,0.443,0.594,100,0.0,0.0,0.0,0.0,0.0,0.0,1.0,0.0,0.7398,0.0,0.0,0.0,0.0,0.0,0.0,0.0,0.0,0.0,18.0,0.0,18.0
5,0.006,0,0,0,0.0,0.0997,0.0,60,0.0,18.0,0.0,0.0,-0.1,0.0,-2.0,20,0.5,0.55,120,0.0,0.0,0.0,0.0,0.0,0.0,1.0,0.0,0.744,0.0,0.0,0.0,0.0,0.0,0.0,0.0,0.0,0.0,18.0,0.0,18.0
6,0.006,0,0,0,0.0,0.0996,0.0,60,0.0,18.0,0.0,0.0,-0.1,0.0,-2.0,20,0.51,0.485,140,0.0,0.0,0.0,0.0,0.0,0.0,1.0,0.0,0.746,0.0,0.0,0.0,0.0,0.0,0.0,0.0,0.0,0.0,18.0,0.0,18.0
7,0.006,1,1,0,0.0,0.0995,180.0,60,54.0,18.0,3.0,3.0,53.9,0.0,1083.27,20,0.485,0.55,160,0.0,0.0,0.0,0.0,0.0,0.0,1.0,0.0,0.7456,0.0,180.0,0.0,36.0,0.2,0.0,1.0,0.0,0.2,18.0,18.0,0.0
8,0.006,0,0,0,0.0,0.0995,0.0,60,0.0,18.0,0.0,0.0,-0.1,0.0,-2.0,20,0.511,0.416,180,0.0,0.0,0.0,0.0,0.0,0.0,1.0,0.0,0.7409,0.0,-180.0,0.0,0.0,0.0,0.0,0.0,0.0,0.0,18.0,0.0,18.0
9,0.006,0,0,0,0.0,0.0994,0.0,60,0.0,18.0,0.0,0.0,-0.1,0.0,-2.0,20,0.389,0.438,200,0.0,0.0,0.0,0.0,0.0,0.0,1.0,0.0,0.7275,0.0,0.0,0.0,0.0,0.0,0.0,0.0,0.0,0.0,18.0,0.0,18.0
10,0.006,0,0,0,0.0,0.0993,0.0,60,0.0,18.0,0.0,0.0,-0.1,0.0,-2.0,20,0.403,0.445,220,0.0,0.0,0.0,0.0,0.0,0.0,1.0,0.0,0.7382,-35.2186,0.0,-35.2186,0.0,0.0,0.0,0.0,0.0,0.0,18.0,0.0,18.0
11,0.006,1,1,0,0.0,0.0993,180.0,60,54.0,18.0,3.0,3.0,53.9,0.0,299.87,20,0.468,0.36,240,0.0,0.0,0.0,0.0,0.0,0.0,1.0,0.0,0.7232,-34.4353,180.0,-34.4353,36.0,0.2,0.0,1.0,0.0,0.2,18.0,18.0,0.0
12,0.006,1,1,0,0.0,0.0992,180.0,60,54.0,18.0,3.0,3.0,53.9,0.0,1417.56,20,0.497,0.517,260,0.0,0.0,0.0,0.0,0.0,0.0,1.0,0.0,0.7441,-31.4692,0.0,-31.4692,36.0,0.2,0.0,1.0,0.0,0.2,18.0,18.0,0.0
13,0.006,0,0,0,0.0,0.0991,0.0,60,0.0,18.0,0.0,0.0,-0.1,0.0,-2.0,20,0.585,0.565,280,0.0,0.0,0.0,0.0,0.0,0.0,1.0,0.0,0.7383,-30.8994,-180.0,-30.8994,0.0,0.0,0.0,0.0,0.0,0.0,18.0,0.0,18.0
14,0.006,1,1,0,0.0,0.0991,180.0,60,54.0,18.0,3.0,3.0,53.9,0.0,1417.56,20,0.523,0.597,300,0.0,0.0,0.0,0.0,0.0,0.0,1.0,0.0,0.7241,-32.9877,180.0,-32.9877,36.0,0.2,0.0,1.0,0.0,0.2,18.0,18.0,0.0
15,0.006,1,1,0,0.0,0.099,180.0,60,54.0,18.0,3.0,3.0,53.9,0.0,1633.56,20,0.514,0.551,320,0.0,0.0,0.0,0.0,0.0,0.0,1.0,0.0,0.7375,-29.9227,0.0,-29.9227,36.0,0.2,0.0,1.0,0.0,0.2,18.0,18.0,0.0
16,0.006,0,0,0,0.0,0.0989,0.0,60,0.0,18.0,0.0,0.0,-0.1,0.0,-2.0,20,0.478,0.46,340,0.0,0.0,0.0,0.0,0.0,0.0,1.0,0.0,0.7489,-29.614,-180.0,-29.614,0.0,0.0,0.0,0.0,0.0,0.0,18.0,0.0,18.0
17,0.006,0,0,0,0.0,0.0989,0.0,60,0.0,18.0,0.0,0.0,-0.1,0.0,-2.0,20,0.588,0.478,360,0.0,0.0,0.0,0.0,0.0,0.0,1.0,0.0,0.7348,-31.7561,0.0,-31.7561,0.0,0.0,0.0,0.0,0.0,0.0,18.0,0.0,18.0
18,0.006,0,0,0,0.0,0.0988,0.0,60,0.0,18.0,0.0,0.0,-0.1,0.0,-2.0,20,0.535,0.412,380,0.0,0.0,0.0,0.0,0.0,0.0,1.0,0.0,0.7357,-31.2796,0.0,-31.2796,0.0,0.0,0.0,0.0,0.0,0.0,18.0,0.0,18.0
19,0.006,0,0,0,0.0,0.0987,0.0,60,0.0,18.0,0.0,0.0,-0.1,0.0,-2.0,20,0.39,0.471,400,0.0,0.0,0.0,0.0,0.0,0.0,1.0,0.0,0.7167,-30.5298,0.0,-30.5298,0.0,0.0,0.0,0.0,0.0,0.0,18.0,0.0,18.0
0,0.006,2,2,0,0.0,0.1,360.0,60,108.0,18.0,6.0,6.0,107.9,0.0,2434.4,20,0.631,0.549,20,0.0,0.0,0.0,0.0,0.0,0.0,1.0,0.0,0.7371,0.0,0.0,0.0,90.0,0.5,0.0,1.0,0.0,0.5,18.0,18.0,0.0
1,0.006,0,0,0,0.0,0.0999,0.0,60,0.0,18.0,0.0,0.0,-0.1,0.0,-2.0,20,0.47,0.393,40,0.0,0.0,0.0,0.0,0.0,0.0,1.0,0.0,0.7329,0.0,-360.0,0.0,0.0,0.0,0.0,0.0,0.0,0.0,18.0,0.0,18.0
2,0.006,2,2,0,0.0,0.0999,360.0,60,108.0,18.0,6.0,6.0,107.9,0.0,2527.65,20,0.489,0.534,60,0.0,0.0,0.0,0.0,0.0,0.0,1.0,0.0,0.7237,0.0,360.0,0.0,90.0,0.5,0.0,1.0,0.0,0.5,18.0,18.0,0.0
3,0.006,0,0,0,0.0,0.0998,0.0,60,0.0,18.0,0.0,0.0,-0.1,0.0,-2.0,20,0.463,0.402,80,0.0,0.0,0.0,0.0,0.0,0.0,1.0,0.0,0.7206,0.0,-360.0,0.0,0.0,0.0,0.0,0.0,0.0,0.0,18.0,0.0,18.0
4,0.006,0,0,0,0.0,0.0997,0.0,60,0.0,18.0,0.0,0.0,-0.1,0.0,-2.0,20,0.443,0.594,100,0.0,0.0,0.0,0.0,0.0,0.0,1.0,0.0,0.7398,0.0,0.0,0.0,0.0,0.0,0.0,0.0,0.0,0.0,18.0,0.0,18.0
5,0.006,0,0,0,0.0,0.0997,0.0,60,0.0,18.0,0.0,0.0,-0.1,0.0,-2.0,20,0.5,0.55,120,0.0,0.0,0.0,0.0,0.0,0.0,1.0,0.0,0.744,0.0,0.0,0.0,0.0,0.0,0.0,0.0,0.0,0.0,18.0,0.0,18.0
6,0.006,0,0,0,0.0,0.0996,0.0,60,0.0,18.0,0.0,0.0,-0.1,0.0,-2.0,20,0.51,0.485,140,0.0,0.0,0.0,0.0,0.0,0.0,1.0,0.0,0.746,0.0,0.0,0.0,0.0,0.0,0.0,0.0,0.0,0.0,18.0,0.0,18.0
7,0.006,1,1,0,0.0,0.0995,180.0,60,54.0,18.0,3.0,3.0,53.9,0.0,1083.27,20,0.485,0.55,160,0.0,0.0,0.0,0.0,0.0,0.0,1.0,0.0,0.7456,0.0,180.0,0.0,36.0,0.2,0.0,1.0,0.0,0.2,18.0,18.0,0.0
8,0.006,0,0,0,0.0,0.0995,0.0,60,0.0,18.0,0.0,0.0,-0.1,0.0,-2.0,20,0.511,0.416,180,0.0,0.0,0.0,0.0,0.0,0.0,1.0,0.0,0.7409,0.0,-180.0,0.0,0.0,0.0,0.0,0.0,0.0,0.0,18.0,0.0,18.0
9,0.006,0,0,0,0.0,0.0994,0.0,60,0.0,18.0,0.0,0.0,-0.1,0.0,-2.0,20,0.389,0.438,200,0.0,0.0,0.0,0.0,0.0,0.0,1.0,0.0,0.7275,0.0,0.0,0.0,0.0,0.0,0.0,0.0,0.0,0.0,18.0,0.0,18.0
10,0.006,0,0,0,0.0,0.0993,0.0,60,0.0,18.0,0.0,0.0,-0.1,0.0,-2.0,20,0.403,0.445,220,0.0,0.0,0.0,0.0,0.0,0.0,1.0,0.0,0.7382,-35.2186,0.0,-35.2186,0.0,0.0,0.0,0.0,0.0,0.0,18.0,0.0,18.0
11,0.006,1,1,0,0.0,0.0993,180.0,60,54.0,18.0,3.0,3.0,53.9,0.0,299.87,20,0.468,0.36,240,0.0,0.0,0.0,0.0,0.0,0.0,1.0,0.0,0.7232,-34.4353,180.0,-34.4353,36.0,0.2,0.0,1.0,0.0,0.2,18.0,18.0,0.0
12,0.006,1,1,0,0.0,0.0992,180.0,60,54.0,18.0,3.0,3.0,53.9,0.0,1417.56,20,0.497,0.517,260,0.0,0.0,0.0,0.0,0.0,0.0,1.0,0.0,0.7441,-31.4692,0.0,-31.4692,36.0,0.2,0.0,1.0,0.0,0.2,18.0,18.0,0.0
13,0.006,0,0,0,0.0,0.0991,0.0,60,0.0,18.0,0.0,0.0,-0.1,0.0,-2.0,20,0.585,0.565,280,0.0,0.0,0.0,0.0,0.0,0.0,1.0,0.0,0.7383,-30.8994,-180.0,-30.8994,0.0,0.0,0.0,0.0,0.0,0.0,18.0,0.0,18.0
14,0.006,1,1,0,0.0,0.0991,180.0,60,54.0,18.0,3.0,3.0,53.9,0.0,1417.56,20,0.523,0.597,300,0.0,0.0,0.0,0.0,0.0,0.0,1.0,0.0,0.7241,-32.9877,180.0,-32.9877,36.0,0.2,0.0,1.0,0.0,0.2,18.0,18.0,0.0
15,0.006,1,1,0,0.0,0.099,180.0,60,54.0,18.0,3.0,3.0,53.9,0.0,1633.56,20,0.514,0.551,320,0.0,0.0,0.0,0.0,0.0,0.0,1.0,0.0,0.7375,-29.9227,0.0,-29.9227,36.0,0.2,0.0,1.0,0.0,0.2,18.0,18.0,0.0
16,0.006,0,0,0,0.0,0.0989,0.0,60,0.0,18.0,0.0,0.0,-0.1,0.0,-2.0,20,0.478,0.46,340,0.0,0.0,0.0,0.0,0.0,0.0,1.0,0.0,0.7489,-29.614,-180.0,-29.614,0.0,0.0,0.0,0.0,0.0,0.0,18.0,0.0,18.0
17,0.006,0,0,0,0.0,0.0989,0.0,60,0.0,18.0,0.0,0.0,-0.1,0.0,-2.0,20,0.588,0.478,360,0.0,0.0,0.0,0.0,0.0,0.0,1.0,0.0,0.7348,-31.7561,0.0,-31.7561,0.0,0.0,0.0,0.0,0.0,0.0,18.0,0.0,18.0
18,0.006,0,0,0,0.0,0.0988,0.0,60,0.0,18.0,0.0,0.0,-0.1,0.0,-2.0,20,0.535,0.412,380,0.0,0.0,0.0,0.0,0.0,0.0,1.0,0.0,0.7357,-31.2796,0.0,-31.2796,0.0,0.0,0.0,0.0,0.0,0.0,18.0,0.0,18.0
19,0.006,0,0,0,0.0,0.0987,0.0,60,0.0,18.0,0.0,0.0,-0.1,0.0,-2.0,20,0.39,0.471,400,0.0,0.0,0.0,0.0,0.0,0.0,1.0,0.0,0.7167,-30.5298,0.0,-30.5298,0.0,0.0,0.0,0.0,0.0,0.0,18.0,0.0,18.0
20,0.006,1,1,0,0.0,0.0987,180.0,60,54.0,18.0,3.0,3.0,53.9,0.0,1083.27,20,0.511,0.576,420,0.0,0.0,0.0,0.0,0.0,0.0,1.0,0.0,0.7227,-30.1516,180.0,-30.1516,36.0,0.2,0.0,1.0,0.0,0.2,18.0,18.0,0.0
21,0.006,0,0,0,0.0,0.0986,0.0,60,0.0,18.0,0.0,0.0,-0.1,0.0,-2.0,20,0.332,0.521,440,0.0,0.0,0.0,0.0,0.0,0.0,1.0,0.0,0.7356,-27.1112,-180.0,-27.1112,0.0,0.0,0.0,0.0,0.0,0.0,18.0,0.0,18.0
22,0.006,0,0,0,0.0,0.0985,0.0,60,0.0,18.0,0.0,0.0,-0.1,0.0,-2.0,20,0.509,0.501,460,0.0,0.0,0.0,0.0,0.0,0.0,1.0,0.0,0.7232,-29.3009,0.0,-29.3009,0.0,0.0,0.0,0.0,0.0,0.0,18.0,0.0,18.0
23,0.006,0,0,0,0.0,0.0985,0.0,60,0.0,18.0,0.0,0.0,-0.1,0.0,-2.0,20,0.473,0.641,480,0.0,0.0,0.0,0.0,0.0,0.0,1.0,0.0,0.7377,-29.0462,0.0,-29.0462,0.0,0.0,0.0,0.0,0.0,0.0,18.0,0.0,18.0
24,0.006,2,2,0,0.0,0.0984,360.0,60,108.0,18.0,6.0,6.0,107.9,0.0,1588.4,20,0.651,0.661,500,0.0,0.0,0.0,0.0,0.0,0.0,1.0,0.0,0.7328,-28.5348,360.0,-28.5348,90.0,0.5,0.0,1.0,0.0,0.5,18.0,18.0,0.0
25,0.006,0,0,0,0.0,0.0983,0.0,60,0.0,18.0,0.0,0.0,-0.1,0.0,-2.0,20,0.615,0.43,520,0.0,0.0,0.0,0.0,0.0,0.0,1.0,0.0,0.7289,-22.5226,-360.0,-22.5226,0.0,0.0,0.0,0.0,0.0,0.0,18.0,0.0,18.0
26,0.006,1,1,0,0.0,0.0983,180.0,60,54.0,18.0,3.0,3.0,53.9,0.0,108.84,20,0.498,0.497,540,0.0,0.0,0.0,0.0,0.0,0.0,1.0,0.0,0.7226,-27.6111,180.0,-27.6111,36.0,0.2,0.0,1.0,0.0,0.2,18.0,18.0,0.0
27,0.006,0,0,0,0.0,0.0982,0.0,60,0.0,18.0,0.0,0.0,-0.1,0.0,-2.0,20,0.597,0.407,560,0.0,0.0,0.0,0.0,0.0,0.0,1.0,0.0,0.7287,-24.5182,-180.0,-24.5182,0.0,0.0,0.0,0.0,0.0,0.0,18.0,0.0,18.0
28,0.006,0,0,0,0.0,0.0981,0.0,60,0.0,18.0,0.0,0.0,-0.1,0.0,-2.0,20,0.467,0.424,580,0.0,0.0,0.0,0.0,0.0,0.0,1.0,0.0,0.7322,-26.942,0.0,-26.942,0.0,0.0,0.0,0.0,0.0,0.0,18.0,0.0,18.0
29,0.006,1,1,0,0.0,0.0981,180.0,60,54.0,18.0,3.0,3.0,53.9,0.0,948.27,20,0.437,0.686,600,0.0,0.0,0.0,0.0,0.0,0.0,1.0,0.0,0.7305,-26.5075,180.0,-26.5075,36.0,0.2,0.0,1.0,0.0,0.2,18.0,18.0,0.0
30,0.006,1,1,0,0.0,0.098,180.0,60,54.0,18.0,3.0,3.0,53.9,0.0,299.87,20,0.497,0.493,620,0.0,0.0,0.0,0.0,0.0,0.0,1.0,0.0,0.7203,-23.2321,0.0,-23.2321,36.0,0.2,0.0,1.0,0.0,0.2,18.0,18.0,0.0
31,0.006,1,1,0,0.0,0.0979,180.0,60,54.0,18.0,3.0,3.0,53.9,0.0,1903.56,20,0.557,0.456,640,0.0,0.0,0.0,0.0,0.0,0.0,1.0,0.0,0.7286,-22.9663,0.0,-22.9663,36.0,0.2,0.0,1.0,0.0,0.2,18.0,18.0,0.0
32,0.006,0,0,0,0.0,0.0979,0.0,60,0.0,18.0,0.0,0.0,-0.1,0.0,-2.0,20,0.503,0.424,660,0.0,0.0,0.0,0.0,0.0,0.0,1.0,0.0,0.7282,-22.6104,-180.0,-22.6104,0.0,0.0,0.0,0.0,0.0,0.0,18.0,0.0,18.0
33,0.006,0,0,0,0.0,0.0978,0.0,60,0.0,18.0,0.0,0.0,-0.1,0.0,-2.0,20,0.396,0.498,680,0.0,0.0,0.0,0.0,0.0,0.0,1.0,0.0,0.737,-25.1194,0.0,-25.1194,0.0,0.0,0.0,0.0,0.0,0.0,18.0,0.0,18.0
34,0.006,0,1,1,1.0,0.0977,0.0,60,0.0,18.0,0.0,0.0,-0.1,0.009,-2.0,20,0.499,0.521,700,0.0,0.0,0.0,0.0,0.0,0.0,1.0,0.0,0.73,-24.6533,0.0,-24.6533,0.0,0.0,0.0,0.0,0.0,0.0,18.0,0.0,18.0
35,0.006,0,0,0,0.0,0.0977,0.0,60,0.0,18.0,0.0,0.0,-0.1,0.008,-2.0,20,0.52,0.439,720,0.0,0.0,0.0,0.0,0.0,0.0,1.0,0.0,0.7446,-24.4363,0.0,-24.4363,0.0,0.0,0.0,0.0,0.0,0.0,18.0,0.0,18.0
36,0.006,0,0,0,0.0,0.0976,0.0,60,0.0,18.0,0.0,0.0,-0.1,0.0071,-2.0,20,0.487,0.416,740,0.0,0.0,0.0,0.0,0.0,0.0,1.0,0.0,0.7193,-23.7815,0.0,-23.7815,0.0,0.0,0.0,0.0,0.0,0.0,18.0,0.0,18.0
37,0.006,0,0,0,0.0,0.0975,0.0,60,0.0,18.0,0.0,0.0,-0.1,0.0061,-2.0,20,0.609,0.561,760,0.0,0.0,0.0,0.0,0.0,0.0,1.0,0.0,0.7406,-23.6485,0.0,-23.6485,0.0,0.0,0.0,0.0,0.0,0.0,18.0,0.0,18.0
38,0.006,1,1,0,0.0,0.0975,180.0,60,54.0,18.0,3.0,3.0,53.9,0.0051,1083.27,20,0.584,0.475,780,0.0,0.0,0.0,0.0,0.0,0.0,1.0,0.0,0.725,-23.1184,180.0,-23.1184,36.0,0.2,0.0,1.0,0.0,0.2,18.0,18.0,0.0
39,0.006,0,0,0,0.0,0.0974,0.0,60,0.0,18.0,0.0,0.0,-0.1,0.0041,-2.0,20,0.505,0.535,800,0.0,0.0,0.0,0.0,0.0,0.0,1.0,0.0,0.7289,-20.055,-180.0,-20.055,0.0,0.0,0.0,0.0,0.0,0.0,18.0,0.0,18.0
40,0.006,0,0,0,0.0,0.0973,0.0,60,0.0,18.0,0.0,0.0,-0.1,0.0032,-2.0,20,0.529,0.428,820,0.0,0.0,0.0,0.0,0.0,0.0,1.0,0.0,0.7275,-22.4896,0.0,-22.4896,0.0,0.0,0.0,0.0,0.0,0.0,18.0,0.0,18.0
41,0.006,1,1,0,0.0,0.0973,180.0,60,54.0,18.0,3.0,3.0,53.9,0.0022,828.27,20,0.496,0.526,840,0.0,0.0,0.0,0.0,0.0,0.0,1.0,0.0,0.734,-22.2109,180.0,-22.2109,36.0,0.2,0.0,1.0,0.0,0.2,18.0,18.0,0.0
42,0.006,1,1,0,0.0,0.0972,180.0,60,54.0,18.0,3.0,3.0,53.9,0.0012,1083.27,20,0.481,0.373,860,0.0,0.0,0.0,0.0,0.0,0.0,1.0,0.0,0.7487,-19.2254,0.0,-19.2254,36.0,0.2,0.0,1.0,0.0,0.2,18.0,18.0,0.0
43,0.006,0,0,0,0.0,0.0971,0.0,60,0.0,18.0,0.0,0.0,-0.1,0.0003,-2.0,20,0.489,0.355,880,0.0,0.0,0.0,0.0,0.0,0.0,1.0,0.0,0.7337,-18.7988,-180.0,-18.7988,0.0,0.0,0.0,0.0,0.0,0.0,18.0,0.0,18.0
44,0.006,1,1,0,0.0,0.0971,180.0,60,54.0,18.0,3.0,3.0,53.9,0.0,948.27,20,0.552,0.54,900,0.0,0.0,0.0,0.0,0.0,0.0,1.0,0.0,0.7241,-21.1869,180.0,-21.1869,36.0,0.2,0.0,1.0,0.0,0.2,18.0,18.0,0.0
45,0.006,0,0,0,0.0,0.097,0.0,60,0.0,18.0,0.0,0.0,-0.1,0.0,-2.0,20,0.536,0.595,920,0.0,0.0,0.0,0.0,0.0,0.0,1.0,0.0,0.717,-18.0622,-180.0,-18.0622,0.0,0.0,0.0,0.0,0.0,0.0,18.0,0.0,18.0
46,0.006,0,0,0,0.0,0.0969,0.0,60,0.0,18.0,0.0,0.0,-0.1,0.0,-2.0,20,0.363,0.491,940,0.0,0.0,0.0,0.0,0.0,0.0,1.0,0.0,0.7257,-20.5944,0.0,-20.5944,0.0,0.0,0.0,0.0,0.0,0.0,18.0,0.0,18.0
47,0.006,0,0,0,0.0,0.0969,0.0,60,0.0,18.0,0.0,0.0,-0.1,0.0,-2.0,20,0.452,0.531,960,0.0,0.0,0.0,0.0,0.0,0.0,1.0,0.0,0.75,-20.503,0.0,-20.503,0.0,0.0,0.0,0.0,0.0,0.0,18.0,0.0,18.0
48,0.006,1,1,0,0.0,0.0968,180.0,60,54.0,18.0,3.0,3.0,53.9,0.0,532.09,20,0.506,0.534,980,0.0,0.0,0.0,0.0,0.0,0.0,1.0,0.0,0.732,-20.0202,180.0,-20.0202,36.0,0.2,0.0,1.0,0.0,0.2,18.0,18.0,0.0
49,0.006,1,1,0,0.0,0.0967,180.0,60,54.0,18.0,3.0,3.0,53.9,0.0,1417.56,20,0.405,0.554,1000,0.0,0.0,0.0,0.0,0.0,0.0,1.0,0.0,0.7483,-17.0712,0.0,-17.0712,36.0,0.2,0.0,1.0,0.0,0.2,18.0,18.0,0.0
50,0.006,1,1,0,0.0,0.0967,180.0,60,54.0,18.0,3.0,3.0,53.9,0.0,52.0,20,0.495,0.593,1020,0.0,0.0,0.0,0.0,0.0,0.0,1.0,0.0,0.7181,-16.5812,0.0,-16.5812,36.0,0.2,0.0,1.0,0.0,0.2,18.0,18.0,0.0
51,0.006,0,0,0,0.0,0.0966,0.0,60,0.0,18.0,0.0,0.0,-0.1,0.0,-2.0,20,0.445,0.587,1040,5174.78125,-0.122337,0.1,0.0,0.0,0.5,1.0,-0.01,0.7281,-16.4034,-180.0,-16.4034,0.0,0.0,0.0,0.0,0.0,0.0,18.0,0.0,18.0
52,0.006,1,1,0,0.0,0.0965,180.0,60,54.0,18.0,3.0,3.0,53.9,0.0,2803.56,20,0.539,0.611,1060,6558.831055,-0.140621,0.0999,0.0,0.0,0.5,1.0,0.01,0.7393,-19.0016,180.0,-19.0016,36.0,0.2,0.0,1.0,0.0,0.2,18.0,18.0,0.0
53,0.006,1,1,0,0.0,0.0965,180.0,60,54.0,18.0,3.0,3.0,53.9,0.0,299.87,20,0.557,0.649,1080,6592.548828,-0.158584,0.0999,0.0,0.0,0.5,1.0,0.03,0.7352,-15.8948,0.0,-15.8948,36.0,0.2,0.0,1.0,0.0,0.2,18.0,18.0,0.0
54,0.006,0,0,0,0.0,0.0964,0.0,60,0.0,18.0,0.0,0.0,-0.1,0.0,-2.0,20,0.648,0.515,1100,6590.619141,-0.181156,0.0999,0.0,0.0,0.5,1.0,0.05,0.7252,-15.5809,-180.0,-15.5809,0.0,0.0,0.0,0.0,0.0,0.0,18.0,0.0,18.0
55,0.006,1,1,0,0.0,0.0963,180.0,60,54.0,18.0,3.0,3.0,53.9,0.0,108.84,20,0.515,0.51,1120,6600.710449,-0.19596,0.0999,0.0,0.0,0.5,1.0,0.06,0.7476,-18.271,180.0,-18.271,36.0,0.2,0.0,1.0,0.0,0.2,18.0,18.0,0.0
56,0.006,1,1,0,0.0,0.0963,180.0,60,54.0,18.0,3.0,3.0,53.9,0.0,1633.56,20,0.483,0.371,1140,6990.875,-0.217243,0.0998,0.0,0.0,0.5,1.0,0.08,0.7461,-15.1705,0.0,-15.1705,36.0,0.2,0.0,1.0,0.0,0.2,18.0,18.0,0.0
57,0.006,0,0,0,0.0,0.0962,0.0,60,0.0,18.0,0.0,0.0,-0.1,0.0,-2.0,20,0.474,0.378,1160,6988.975586,-0.237558,0.0998,0.0,0.0,0.5,1.0,0.1,0.7387,-14.8864,-180.0,-14.8864,0.0,0.0,0.0,0.0,0.0,0.0,18.0,0.0,18.0
58,0.006,1,1,0,0.0,0.0961,180.0,60,54.0,18.0,3.0,3.0,53.9,0.0,299.87,20,0.495,0.634,1180,7022.100586,-0.258424,0.0998,0.0,0.0,0.5,1.0,0.13,0.726,-17.3404,180.0,-17.3404,36.0,0.2,0.0,1.0,0.0,0.2,18.0,18.0,0.0
59,0.006,0,0,0,0.0,0.0961,0.0,60,0.0,18.0,0.0,0.0,-0.1,0.0,-2.0,20,0.639,0.565,1200,7019.77832,-0.281157,0.0997,0.0,0.0,0.5,1.0,0.15,0.7285,-14.3422,-180.0,-14.3422,0.0,0.0,0.0,0.0,0.0,0.0,18.0,0.0,18.0
60,0.006,1,1,0,0.0,0.096,180.0,60,54.0,18.0,3.0,3.0,53.9,0.0,108.84,20,0.465,0.44,1220,7028.950684,-0.306195,0.0997,0.0,0.0,0.5,1.0,0.17,0.7448,-17.0001,180.0,-17.0001,36.0,0.2,0.0,1.0,0.0,0.2,18.0,18.0,0.0
61,0.006,0,0,0,0.0,0.0959,0.0,60,0.0,18.0,0.0,0.0,-0.1,0.0,-2.0,20,0.331,0.535,1240,7026.884766,-0.332943,0.0997,0.0,0.0,0.5,1.0,0.2,0.7269,-13.8297,-180.0,-13.8297,0.0,0.0,0.0,0.0,0.0,0.0,18.0,0.0,18.0
62,0.006,0,0,0,0.0,0.0959,0.0,60,0.0,18.0,0.0,0.0,-0.1,0.0,-2.0,20,0.477,0.572,1260,7023.911133,-0.35693,0.0996,0.0,0.0,0.5,1.0,0.22,0.7409,-16.4708,0.0,-16.4708,0.0,0.0,0.0,0.0,0.0,0.0,18.0,0.0,18.0
63,0.006,0,0,0,0.0,0.0958,0.0,60,0.0,18.0,0.0,0.0,-0.1,0.0,-2.0,20,0.478,0.604,1280,7021.176758,-0.384852,0.0996,0.0,0.0,0.5,1.0,0.25,0.7398,-16.2079,0.0,-16.2079,0.0,0.0,0.0,0.0,0.0,0.0,18.0,0.0,18.0
64,0.006,0,0,0,0.0,0.0957,0.0,60,0.0,18.0,0.0,0.0,-0.1,0.0,-2.0,20,0.414,0.569,1300,7018.40625,-0.414766,0.0996,0.0,0.0,0.5,1.0,0.28,0.7291,-15.8821,0.0,-15.8821,0.0,0.0,0.0,0.0,0.0,0.0,18.0,0.0,18.0
65,0.006,0,0,0,0.0,0.0957,0.0,60,0.0,18.0,0.0,0.0,-0.1,0.0,-2.0,20,0.499,0.544,1320,7015.049805,-0.446606,0.0996,0.0,0.0,0.5,1.0,0.31,0.7295,-15.6413,0.0,-15.6413,0.0,0.0,0.0,0.0,0.0,0.0,18.0,0.0,18.0
66,0.006,0,1,1,1.0,0.0956,0.0,60,0.0,18.0,0.0,0.0,-0.1,0.009,-2.0,20,0.542,0.564,1340,7012.456055,-0.481124,0.0995,0.0,0.0,0.5,1.0,0.35,0.7338,-15.4308,0.0,-15.4308,0.0,0.0,0.0,0.0,0.0,0.0,18.0,0.0,18.0
67,0.006,2,2,0,0.0,0.0955,360.0,60,108.0,18.0,6.0,6.0,107.9,0.0081,1528.4,20,0.667,0.502,1360,7343.970703,-0.516905,0.0995,0.0,0.0,0.5,1.0,0.38,0.7311,-15.1759,360.0,-15.1759,90.0,0.5,0.0,1.0,0.0,0.5,18.0,18.0,0.0
68,0.006,0,0,0,0.0,0.0955,0.0,60,0.0,18.0,0.0,0.0,-0.1,0.0071,-2.0,20,0.465,0.548,1380,7340.396484,-0.553193,0.0995,0.0,0.0,0.5,1.0,0.42,0.7297,-9.4129,-360.0,-9.4129,0.0,0.0,0.0,0.0,0.0,0.0,18.0,0.0,18.0
69,0.006,1,1,0,0.0,0.0954,180.0,60,54.0,18.0,3.0,3.0,53.9,0.0062,168.84,20,0.516,0.518,1400,7354.69873,-0.595772,0.0994,0.0,0.0,0.5,1.0,0.46,0.7355,-14.8228,180.0,-14.8228,36.0,0.2,0.0,1.0,0.0,0.2,18.0,18.0,0.0
70,0.006,0,0,0,0.0,0.0953,0.0,60,0.0,18.0,0.0,0.0,-0.1,0.0052,-2.0,20,0.454,0.433,1420,7350.205566,-0.63966,0.0994,0.0,0.0,0.5,1.0,0.5,0.7269,-11.7775,-180.0,-11.7775,0.0,0.0,0.0,0.0,0.0,0.0,18.0,0.0,18.0
71,0.006,1,1,0,0.0,0.0953,180.0,60,54.0,18.0,3.0,3.0,53.9,0.0043,232.37,20,0.449,0.565,1440,7371.84668,-0.686064,0.0994,0.0,0.0,0.5,1.0,0.55,0.726,-14.3431,180.0,-14.3431,36.0,0.2,0.0,1.0,0.0,0.2,18.0,18.0,0.0
72,0.006,2,2,0,0.0,0.0952,360.0,60,108.0,18.0,6.0,6.0,107.9,0.0033,2657.12,20,0.494,0.626,1460,8378.494141,-0.735828,0.0993,0.0,0.0,0.5,1.0,0.6,0.7467,-11.4753,180.0,-11.4753,90.0,0.5,0.0,1.0,0.0,0.5,18.0,18.0,0.0
73,0.006,1,1,0,0.0,0.0951,180.0,60,54.0,18.0,3.0,3.0,53.9,0.0024,948.27,20,0.452,0.473,1480,8521.558594,-0.788611,0.0993,0.0,0.0,0.5,1.0,0.66,0.7476,-8.4962,-180.0,-8.4962,36.0,0.2,0.0,1.0,0.0,0.2,18.0,18.0,0.0
74,0.006,0,0,0,0.0,0.0951,0.0,60,0.0,18.0,0.0,0.0,-0.1,0.0014,-2.0,20,0.547,0.493,1500,8520.400391,-0.845508,0.0993,0.0,0.0,0.5,1.0,0.71,0.7492,-11.1774,-180.0,-11.1774,0.0,0.0,0.0,0.0,0.0,0.0,18.0,0.0,18.0
75,0.006,0,0,0,0.0,0.095,0.0,60,0.0,18.0,0.0,0.0,-0.1,0.0005,-2.0,20,0.432,0.625,1520,8513.580078,-0.906228,0.0993,0.0,0.0,0.5,1.0,0.77,0.7225,-13.6542,0.0,-13.6542,0.0,0.0,0.0,0.0,0.0,0.0,18.0,0.0,18.0
76,0.006,1,1,0,0.0,0.0949,180.0,60,54.0,18.0,3.0,3.0,53.9,0.0,2803.56,20,0.564,0.655,1540,9854.923828,-0.971901,0.0992,0.0,0.0,0.5,1.0,0.84,0.7407,-13.5532,180.0,-13.5532,36.0,0.2,0.0,1.0,0.0,0.2,18.0,18.0,0.0
77,0.006,1,1,0,0.0,0.0949,180.0,60,54.0,18.0,3.0,3.0,53.9,0.0,948.27,20,0.518,0.5,1560,9992.607422,-1.040145,0.0992,0.0,0.0,0.5,1.0,0.91,0.7564,-10.6246,0.0,-10.6246,36.0,0.2,0.0,1.0,0.0,0.2,18.0,18.0,0.0
78,0.006,0,0,0,0.0,0.0948,0.0,60,0.0,18.0,0.0,0.0,-0.1,0.0,-2.0,20,0.574,0.431,1580,9990.626953,-1.11388,0.0992,0.0,0.0,0.5,1.0,0.98,0.7521,-10.4392,-180.0,-10.4392,0.0,0.0,0.0,0.0,0.0,0.0,18.0,0.0,18.0
79,0.006,2,2,0,0.0,0.0947,360.0,60,108.0,18.0,6.0,6.0,107.9,0.0,1951.65,20,0.506,0.604,1600,10464.929688,-1.193271,0.0991,0.0,0.0,0.5,1.0,1.06,0.7312,-12.9764,360.0,-12.9764,90.0,0.5,0.0,1.0,0.0,0.5,18.0,18.0,0.0
80,0.006,0,0,0,0.0,0.0947,0.0,60,0.0,18.0,0.0,0.0,-0.1,0.0,-2.0,20,0.482,0.522,1620,10476.572266,-1.276067,0.0991,0.0,0.0,0.5,1.0,1.15,0.717,-7.2115,-360.0,-7.2115,0.0,0.0,0.0,0.0,0.0,0.0,18.0,0.0,18.0
81,0.006,0,0,0,0.0,0.0946,0.0,60,0.0,18.0,0.0,0.0,-0.1,0.0,-2.0,20,0.489,0.572,1640,10464.296875,-1.365951,0.0991,0.0,0.0,0.5,1.0,1.24,0.729,-12.6182,0.0,-12.6182,0.0,0.0,0.0,0.0,0.0,0.0,18.0,0.0,18.0
82,0.006,0,0,0,0.0,0.0945,0.0,60,0.0,18.0,0.0,0.0,-0.1,0.0,-2.0,20,0.6,0.52,1660,10451.301758,-1.461126,0.099,0.0,0.0,0.5,1.0,1.33,0.7525,-12.5498,0.0,-12.5498,0.0,0.0,0.0,0.0,0.0,0.0,18.0,0.0,18.0
83,0.006,0,0,0,0.0,0.0945,0.0,60,0.0,18.0,0.0,0.0,-0.1,0.0,-2.0,20,0.547,0.672,1680,10437.761719,-1.557832,0.099,0.0,0.0,0.5,1.0,1.43,0.7243,-12.2061,0.0,-12.2061,0.0,0.0,0.0,0.0,0.0,0.0,18.0,0.0,18.0
84,0.006,0,0,0,0.0,0.0944,0.0,60,0.0,18.0,0.0,0.0,-0.1,0.0,-2.0,20,0.607,0.561,1700,10423.670898,-1.663832,0.099,0.0,0.0,0.5,1.0,1.54,0.751,-12.1574,0.0,-12.1574,0.0,0.0,0.0,0.0,0.0,0.0,18.0,0.0,18.0
85,0.006,1,1,0,0.0,0.0943,180.0,60,54.0,18.0,3.0,3.0,53.9,0.0,2263.56,20,0.472,0.764,1720,10860.416992,-1.775528,0.099,0.0,0.0,0.5,1.0,1.66,0.7321,-11.8715,180.0,-11.8715,36.0,0.2,0.0,1.0,0.0,0.2,18.0,18.0,0.0
86,0.006,1,1,0,0.0,0.0943,180.0,60,54.0,18.0,3.0,3.0,53.9,0.0,1237.56,20,0.541,0.705,1740,11293.884766,-1.895532,0.0989,0.0,0.0,0.5,1.0,1.78,0.7443,-8.9688,0.0,-8.9688,36.0,0.2,0.0,1.0,0.0,0.2,18.0,18.0,0.0
87,0.006,0,0,0,0.0,0.0942,0.0,60,0.0,18.0,0.0,0.0,-0.1,0.0,-2.0,20,0.63,0.712,1760,11362.259766,-2.018779,0.0989,0.0,0.0,0.5,1.0,1.91,0.7355,-8.7982,-180.0,-8.7982,0.0,0.0,0.0,0.0,0.0,0.0,18.0,0.0,18.0
88,0.006,0,0,0,0.0,0.0941,0.0,60,0.0,18.0,0.0,0.0,-0.1,0.0,-2.0,20,0.616,0.788,1780,11342.725586,-2.151498,0.0989,0.0,0.0,0.5,1.0,2.04,0.7576,-11.5434,0.0,-11.5434,0.0,0.0,0.0,0.0,0.0,0.0,18.0,0.0,18.0
89,0.006,2,2,0,0.0,0.0941,360.0,60,108.0,18.0,6.0,6.0,107.9,0.0,162.84,20,0.579,0.624,1800,11338.384766,-2.290847,0.0988,0.0,0.0,0.5,1.0,2.18,0.7317,-11.2385,360.0,-11.2385,90.0,0.5,0.0,1.0,0.0,0.5,18.0,18.0,0.0
90,0.006,2,2,0,0.0,0.094,360.0,60,108.0,18.0,6.0,6.0,107.9,0.0,3143.12,20,0.576,0.774,1820,12135.745117,-2.437051,0.0988,0.0,0.0,0.5,1.0,2.34,0.7425,-5.5604,0.0,-5.5604,90.0,0.5,0.0,1.0,0.0,0.5,18.0,18.0,0.0
91,0.006,1,1,0,0.0,0.0939,180.0,60,54.0,18.0,3.0,3.0,53.9,0.0,168.84,20,0.577,0.751,1840,12157.113281,-2.591701,0.0988,0.0,0.0,0.5,1.0,2.49,0.7458,-5.4808,-180.0,-5.4808,36.0,0.2,0.0,1.0,0.0,0.2,18.0,18.0,0.0
92,0.006,1,1,0,0.0,0.0939,180.0,60,54.0,18.0,3.0,3.0,53.9,0.0,1633.56,20,0.596,0.688,1860,12457.765625,-2.756961,0.0988,0.0,0.0,0.5,1.0,2.66,0.7304,-8.1458,0.0,-8.1458,36.0,0.2,0.0,1.0,0.0,0.2,18.0,18.0,0.0
93,0.006,0,0,0,0.0,0.0938,0.0,60,0.0,18.0,0.0,0.0,-0.1,0.0,-2.0,20,0.679,0.739,1880,12509.825195,-2.925483,0.0987,0.0,0.0,0.5,1.0,2.84,0.7442,-8.0655,-180.0,-8.0655,0.0,0.0,0.0,0.0,0.0,0.0,18.0,0.0,18.0
94,0.006,0,0,0,0.0,0.0937,0.0,60,0.0,18.0,0.0,0.0,-0.1,0.0,-2.0,20,0.587,0.758,1900,12631.546875,-3.104736,0.0987,0.0,0.0,0.5,1.0,3.02,0.7551,-10.7863,0.0,-10.7863,0.0,0.0,0.0,0.0,0.0,0.0,18.0,0.0,18.0
95,0.006,2,2,0,0.0,0.0937,360.0,60,108.0,18.0,6.0,6.0,107.9,0.0,4169.12,20,0.737,0.783,1920,13422.425781,-3.30084,0.0987,0.0,0.0,0.5,1.0,3.23,0.7353,-10.5292,360.0,-10.5292,90.0,0.5,0.0,1.0,0.0,0.5,18.0,18.0,0.0
96,0.006,0,0,0,0.0,0.0936,0.0,60,0.0,18.0,0.0,0.0,-0.1,0.0,-2.0,20,0.658,0.776,1940,13626.486328,-3.493894,0.0986,0.0,0.0,0.5,1.0,3.42,0.7448,-4.8369,-360.0,-4.8369,0.0,0.0,0.0,0.0,0.0,0.0,18.0,0.0,18.0
97,0.006,1,1,0,0.0,0.0935,180.0,60,54.0,18.0,3.0,3.0,53.9,0.0,232.37,20,0.729,0.783,1960,13891.448242,-3.702478,0.0986,0.0,0.0,0.5,1.0,3.64,0.7354,-10.3179,180.0,-10.3179,36.0,0.2,0.0,1.0,0.0,0.2,18.0,18.0,0.0
98,0.006,0,0,0,0.0,0.0935,0.0,60,0.0,18.0,0.0,0.0,-0.1,0.0,-2.0,20,0.69,0.781,1980,14233.666992,-3.920907,0.0986,0.0,0.0,0.5,1.0,3.86,0.7301,-7.3697,-180.0,-7.3697,0.0,0.0,0.0,0.0,0.0,0.0,18.0,0.0,18.0
99,0.006,1,1,0,0.0,0.0934,180.0,60,54.0,18.0,3.0,3.0,53.9,0.0,232.37,20,0.694,0.837,2000,14205.591797,-4.152126,0.0986,0.0,0.0,0.5,1.0,4.1,0.8714,-10.6121,180.0,-10.6121,36.0,0.2,0.0,1.0,0.0,0.2,18.0,18.0,0.0
0,0.006,1,2,1,0.5,0.1,180.0,60,-36.0,18.0,-2.0,3.0,-36.1,0.004,-115.89,20,0.631,0.549,20,0.0,0.0,0.0,0.0,0.0,0.0,1.0,0.0,0.7371,0.0,0.0,0.0,0.0,0.0,0.0,0.0,0.0,0.0,18.0,0.0,18.0
1,0.006,1,2,1,0.5,0.0999,180.0,60,-36.0,18.0,-2.0,3.0,-36.1,0.008,670.39,20,0.47,0.393,40,0.0,0.0,0.0,0.0,0.0,0.0,1.0,0.0,0.7329,0.0,0.0,0.0,0.0,0.0,0.0,0.0,0.0,0.0,18.0,0.0,18.0
2,0.006,1,3,2,0.6667,0.0999,180.0,60,-66.0,18.0,-3.6667,3.0,-66.1,0.0137,2054.48,20,0.489,0.534,60,0.0,0.0,0.0,0.0,0.0,0.0,1.0,0.0,0.7237,0.0,0.0,0.0,0.0,0.0,0.0,0.0,0.0,0.0,18.0,0.0,18.0
3,0.006,0,0,0,0.0,0.0998,0.0,60,0.0,18.0,0.0,0.0,-0.1,0.0127,-2.0,20,0.463,0.402,80,0.0,0.0,0.0,0.0,0.0,0.0,1.0,0.0,0.7206,0.0,-180.0,0.0,0.0,0.0,0.0,0.0,0.0,0.0,18.0,0.0,18.0
4,0.006,0,0,0,0.0,0.0997,0.0,60,0.0,18.0,0.0,0.0,-0.1,0.0117,-2.0,20,0.443,0.594,100,0.0,0.0,0.0,0.0,0.0,0.0,1.0,0.0,0.7398,0.0,0.0,0.0,0.0,0.0,0.0,0.0,0.0,0.0,18.0,0.0,18.0
5,0.006,0,0,0,0.0,0.0997,0.0,60,0.0,18.0,0.0,0.0,-0.1,0.0107,-2.0,20,0.5,0.55,120,0.0,0.0,0.0,0.0,0.0,0.0,1.0,0.0,0.744,0.0,0.0,0.0,0.0,0.0,0.0,0.0,0.0,0.0,18.0,0.0,18.0
6,0.006,0,0,0,0.0,0.0996,0.0,60,0.0,18.0,0.0,0.0,-0.1,0.0097,-2.0,20,0.51,0.485,140,0.0,0.0,0.0,0.0,0.0,0.0,1.0,0.0,0.746,0.0,0.0,0.0,0.0,0.0,0.0,0.0,0.0,0.0,18.0,0.0,18.0
7,0.006,0,1,1,1.0,0.0995,0.0,60,0.0,18.0,0.0,0.0,-0.1,0.0187,-2.13,20,0.485,0.549,160,0.0,0.0,0.0,0.0,0.0,0.0,1.0,0.0,0.7456,0.0,0.0,0.0,0.0,0.0,0.0,0.0,0.0,0.0,18.0,0.0,18.0
8,0.006,0,0,0,0.0,0.0995,0.0,60,0.0,18.0,0.0,0.0,-0.1,0.0177,-2.0,20,0.511,0.416,180,0.0,0.0,0.0,0.0,0.0,0.0,1.0,0.0,0.7409,0.0,0.0,0.0,0.0,0.0,0.0,0.0,0.0,0.0,18.0,0.0,18.0
9,0.006,0,0,0,0.0,0.0994,0.0,60,0.0,18.0,0.0,0.0,-0.1,0.0167,-2.0,20,0.389,0.438,200,0.0,0.0,0.0,0.0,0.0,0.0,1.0,0.0,0.7275,0.0,0.0,0.0,0.0,0.0,0.0,0.0,0.0,0.0,18.0,0.0,18.0
10,0.006,0,0,0,0.0,0.0993,0.0,60,0.0,18.0,0.0,0.0,-0.1,0.0157,-2.0,20,0.403,0.445,220,0.0,0.0,0.0,0.0,0.0,0.0,1.0,0.0,0.7382,-17.4301,0.0,-17.4301,0.0,0.0,0.0,0.0,0.0,0.0,18.0,0.0,18.0
11,0.006,0,0,0,0.0,0.0993,0.0,60,0.0,18.0,0.0,0.0,-0.1,0.0147,-2.0,20,0.468,0.36,240,0.0,0.0,0.0,0.0,0.0,0.0,1.0,0.0,0.7232,-17.307,0.0,-17.307,0.0,0.0,0.0,0.0,0.0,0.0,18.0,0.0,18.0
12,0.006,0,1,1,1.0,0.0992,0.0,60,0.0,18.0,0.0,0.0,-0.1,0.0237,-2.16,20,0.497,0.517,260,0.0,0.0,0.0,0.0,0.0,0.0,1.0,0.0,0.7441,-16.8379,0.0,-16.8379,0.0,0.0,0.0,0.0,0.0,0.0,18.0,0.0,18.0
13,0.006,0,1,1,1.0,0.0991,0.0,60,0.0,18.0,0.0,0.0,-0.1,0.0327,-2.26,20,0.585,0.565,280,0.0,0.0,0.0,0.0,0.0,0.0,1.0,0.0,0.7383,-16.6334,0.0,-16.6334,0.0,0.0,0.0,0.0,0.0,0.0,18.0,0.0,18.0
14,0.006,0,2,2,1.0,0.0991,0.0,60,0.0,18.0,0.0,0.0,-0.1,0.0417,-2.47,20,0.523,0.597,300,0.0,0.0,0.0,0.0,0.0,0.0,1.0,0.0,0.7241,-16.5193,0.0,-16.5193,0.0,0.0,0.0,0.0,0.0,0.0,18.0,0.0,18.0
15,0.006,0,0,0,0.0,0.099,0.0,60,0.0,18.0,0.0,0.0,-0.1,0.0407,-2.0,20,0.514,0.551,320,0.0,0.0,0.0,0.0,0.0,0.0,1.0,0.0,0.7375,-16.1317,0.0,-16.1317,0.0,0.0,0.0,0.0,0.0,0.0,18.0,0.0,18.0
16,0.006,0,1,1,1.0,0.0989,0.0,60,0.0,18.0,0.0,0.0,-0.1,0.0498,-2.07,20,0.478,0.46,340,0.0,0.0,0.0,0.0,0.0,0.0,1.0,0.0,0.7489,-15.765,0.0,-15.765,0.0,0.0,0.0,0.0,0.0,0.0,18.0,0.0,18.0
17,0.006,0,2,2,1.0,0.0989,0.0,60,0.0,18.0,0.0,0.0,-0.1,0.0588,-2.4,20,0.588,0.478,360,0.0,0.0,0.0,0.0,0.0,0.0,1.0,0.0,0.7348,-15.6659,0.0,-15.6659,0.0,0.0,0.0,0.0,0.0,0.0,18.0,0.0,18.0
18,0.006,1,3,2,0.6667,0.0988,180.0,60,-66.0,18.0,-3.6667,3.0,-66.1,0.0644,1283.52,20,0.535,0.412,380,0.0,0.0,0.0,0.0,0.0,0.0,1.0,0.0,0.7357,-15.4155,180.0,-15.4155,0.0,0.0,0.0,0.0,0.0,0.0,18.0,0.0,18.0
19,0.006,0,2,2,1.0,0.0987,0.0,60,0.0,18.0,0.0,0.0,-0.1,0.0735,-2.99,20,0.39,0.471,400,0.0,0.0,0.0,0.0,0.0,0.0,1.0,0.0,0.7167,-12.6314,-180.0,-12.6314,0.0,0.0,0.0,0.0,0.0,0.0,18.0,0.0,18.0
0,0.017,3,4,1,0.25,0.1,180.0,60,9.0,18.0,0.5,3.0,8.9,0.0015,-306.76,60,0.547,0.501,60,0.0,0.0,0.0,0.0,0.0,0.0,1.0,0.0,0.7325,0.0,0.0,0.0,0.0,0.0,0.0,0.0,0.0,0.0,18.0,9.0,9.0
1,0.017,2,4,2,0.5,0.0999,120.0,60,-24.0,18.0,-1.3333,2.0,-24.1,0.0055,-403.82,60,0.537,0.494,120,0.0,0.0,0.0,0.0,0.0,0.0,1.0,0.0,0.7635,0.0,-60.0,0.0,0.0,0.0,0.0,0.0,0.0,0.0,18.0,0.0,18.0
2,0.017,1,5,4,0.8,0.0999,60.0,60,-30.0,18.0,-1.6667,1.0,-30.1,0.0125,-728.58,60,0.501,0.533,180,0.0,0.0,0.0,0.0,0.0,0.0,1.0,0.0,0.7268,0.0,-60.0,0.0,0.0,0.0,0.0,0.0,0.0,0.0,18.0,0.0,18.0
3,0.017,1,2,1,0.5,0.0998,60.0,60,-12.0,18.0,-0.6667,1.0,-12.1,0.0165,-227.43,60,0.453,0.538,240,0.0,0.0,0.0,0.0,0.0,0.0,1.0,0.0,0.7206,0.0,0.0,0.0,0.0,0.0,0.0,0.0,0.0,0.0,18.0,0.0,18.0
4,0.017,1,1,0,0.0,0.0997,60.0,60,18.0,18.0,1.0,1.0,17.9,0.0155,479.57,60,0.511,0.502,300,0.0,0.0,0.0,0.0,0.0,0.0,1.0,0.0,0.7251,0.0,0.0,0.0,0.0,0.0,0.0,0.0,0.0,0.0,18.0,18.0,0.0
5,0.017,2,2,0,0.0,0.0997,120.0,60,36.0,18.0,2.0,2.0,35.9,0.0145,2952.11,60,0.536,0.527,360,0.0,0.0,0.0,0.0,0.0,0.0,1.0,0.0,0.7384,0.0,60.0,0.0,18.0,0.3,0.0,1.0,0.0,0.3,18.0,18.0,0.0
6,0.017,3,5,2,0.4,0.0996,180.0,60,-18.0,18.0,-1.0,3.0,-18.1,0.0175,1109.82,60,0.52,0.455,420,0.0,0.0,0.0,0.0,0.0,0.0,1.0,0.0,0.7337,0.0,60.0,0.0,0.0,0.0,0.0,0.0,0.0,0.0,18.0,0.0,18.0
7,0.017,3,4,1,0.25,0.0995,180.0,60,9.0,18.0,0.5,3.0,8.9,0.019,2250.19,60,0.521,0.494,480,0.0,0.0,0.0,0.0,0.0,0.0,1.0,0.0,0.7447,0.0,0.0,0.0,0.0,0.0,0.0,0.0,0.0,0.0,18.0,9.0,9.0
8,0.017,1,4,3,0.75,0.0995,60.0,60,-27.0,18.0,-1.5,1.0,-27.1,0.0255,-645.12,60,0.54,0.464,540,0.0,0.0,0.0,0.0,0.0,0.0,1.0,0.0,0.7144,0.0,-120.0,0.0,0.0,0.0,0.0,0.0,0.0,0.0,18.0,0.0,18.0
9,0.017,0,0,0,0.0,0.0994,0.0,60,0.0,18.0,0.0,0.0,-0.1,0.0245,-6.0,60,0.5,0.524,600,0.0,0.0,0.0,0.0,0.0,0.0,1.0,0.0,0.7432,0.0,-60.0,0.0,0.0,0.0,0.0,0.0,0.0,0.0,18.0,0.0,18.0
10,0.017,2,3,1,0.3333,0.0993,120.0,60,-4.0,18.0,-0.2222,2.0,-4.1,0.0269,726.85,60,0.513,0.444,660,0.0,0.0,0.0,0.0,0.0,0.0,1.0,0.0,0.7215,-17.5766,120.0,-17.5766,0.0,0.0,0.0,0.0,0.0,0.0,18.0,0.0,18.0
11,0.017,5,6,1,0.1667,0.0993,300.0,60,40.0,18.0,2.2222,5.0,39.9,0.0275,719.05,60,0.493,0.524,720,0.0,0.0,0.0,0.0,0.0,0.0,1.0,0.0,0.7489,-15.6849,180.0,-15.6849,22.0,0.3667,0.0,1.0,0.0,0.3667,18.0,18.0,0.0
12,0.017,0,3,3,1.0,0.0992,0.0,60,0.0,18.0,0.0,0.0,-0.1,0.0366,-7.36,60,0.472,0.494,780,0.0,0.0,0.0,0.0,0.0,0.0,1.0,0.0,0.752,-12.6487,-300.0,-12.6487,0.0,0.0,0.0,0.0,0.0,0.0,18.0,0.0,18.0
13,0.017,2,5,3,0.6,0.0991,120.0,60,-36.0,18.0,-2.0,2.0,-36.1,0.0416,-3051.33,60,0.435,0.504,840,0.0,0.0,0.0,0.0,0.0,0.0,1.0,0.0,0.7183,-16.8768,120.0,-16.8768,0.0,0.0,0.0,0.0,0.0,0.0,18.0,0.0,18.0
14,0.017,0,2,2,1.0,0.0991,0.0,60,0.0,18.0,0.0,0.0,-0.1,0.0506,-7.01,60,0.481,0.507,900,0.0,0.0,0.0,0.0,0.0,0.0,1.0,0.0,0.7575,-15.0773,-120.0,-15.0773,0.0,0.0,0.0,0.0,0.0,0.0,18.0,0.0,18.0
15,0.017,1,4,3,0.75,0.099,60.0,60,-27.0,18.0,-1.5,1.0,-27.1,0.0571,-1368.31,60,0.542,0.421,960,0.0,0.0,0.0,0.0,0.0,0.0,1.0,0.0,0.7217,-16.4489,60.0,-16.4489,0.0,0.0,0.0,0.0,0.0,0.0,18.0,0.0,18.0
16,0.017,0,3,3,1.0,0.0989,0.0,60,0.0,18.0,0.0,0.0,-0.1,0.0661,-8.73,60,0.525,0.53,1020,0.0,0.0,0.0,0.0,0.0,0.0,1.0,0.0,0.7405,-15.4228,-60.0,-15.4228,0.0,0.0,0.0,0.0,0.0,0.0,18.0,0.0,18.0
17,0.017,1,3,2,0.6667,0.0989,60.0,60,-22.0,18.0,-1.2222,1.0,-22.1,0.0718,-443.56,60,0.497,0.492,1080,3274.775879,-0.116316,0.1,0.0,0.0,0.5,1.0,-0.02,0.7356,-16.0755,60.0,-16.0755,0.0,0.0,0.0,0.0,0.0,0.0,18.0,0.0,18.0
18,0.017,5,5,0,0.0,0.0988,300.0,60,90.0,18.0,5.0,5.0,89.9,0.0708,1487.9,60,0.555,0.493,1140,3639.233398,-0.128539,0.0999,0.0,0.0,0.5,1.0,-0.0,0.7314,-14.8739,240.0,-14.8739,72.0,1.2,0.0,1.0,0.0,1.2,18.0,18.0,0.0
19,0.017,4,4,0,0.0,0.0987,240.0,60,72.0,18.0,4.0,4.0,71.9,0.0698,3626.14,60,0.442,0.523,1200,4192.007324,-0.145443,0.0999,0.0,0.0,0.5,1.0,0.01,0.7265,-10.9364,-60.0,-10.9364,54.0,0.9,0.0,1.0,0.0,0.9,18.0,18.0,0.0
20,0.017,3,3,0,0.0,0.0987,180.0,60,54.0,18.0,3.0,3.0,53.9,0.0688,5444.81,60,0.463,0.531,1260,5406.871094,-0.16167,0.0999,0.0,0.0,0.5,1.0,0.03,0.7451,-11.7891,-60.0,-11.7891,36.0,0.6,0.0,1.0,0.0,0.6,18.0,18.0,0.0
21,0.017,2,3,1,0.3333,0.0986,120.0,60,-4.0,18.0,-0.2222,2.0,-4.1,0.0712,-221.25,60,0.445,0.544,1320,5412.897461,-0.176337,0.0999,0.0,0.0,0.5,1.0,0.04,0.7183,-12.3804,-60.0,-12.3804,0.0,0.0,0.0,0.0,0.0,0.0,18.0,0.0,18.0
22,0.017,2,3,1,0.3333,0.0985,120.0,60,-4.0,18.0,-0.2222,2.0,-4.1,0.0735,350.65,60,0.465,0.507,1380,5538.491211,-0.190272,0.0998,0.0,0.0,0.5,1.0,0.06,0.7242,-13.1395,0.0,-13.1395,0.0,0.0,0.0,0.0,0.0,0.0,18.0,0.0,18.0
23,0.017,3,3,0,0.0,0.0985,180.0,60,54.0,18.0,3.0,3.0,53.9,0.0725,6150.05,60,0.488,0.456,1440,9270.477539,-0.208981,0.0998,0.0,0.0,0.5,1.0,0.08,0.7339,-12.9987,60.0,-12.9987,36.0,0.6,0.0,1.0,0.0,0.6,18.0,18.0,0.0
24,0.017,3,4,1,0.25,0.0984,180.0,60,9.0,18.0,0.5,3.0,8.9,0.074,-1.68,60,0.509,0.489,1500,9384.080078,-0.227796,0.0998,0.0,0.0,0.5,1.0,0.09,0.739,-11.9041,0.0,-11.9041,0.0,0.0,0.0,0.0,0.0,0.0,18.0,9.0,9.0
25,0.017,4,6,2,0.3333,0.0983,240.0,60,-8.0,18.0,-0.4444,4.0,-8.1,0.0764,-1317.09,60,0.512,0.513,1560,9481.509766,-0.245827,0.0997,0.0,0.0,0.5,1.0,0.11,0.7369,-11.7084,60.0,-11.7084,0.0,0.0,0.0,0.0,0.0,0.0,18.0,0.0,18.0
26,0.017,0,2,2,1.0,0.0983,0.0,60,0.0,18.0,0.0,0.0,-0.1,0.0854,-9.44,60,0.506,0.583,1620,9480.193359,-0.265798,0.0997,0.0,0.0,0.5,1.0,0.13,0.731,-10.5724,-240.0,-10.5724,0.0,0.0,0.0,0.0,0.0,0.0,18.0,0.0,18.0
27,0.017,1,2,1,0.5,0.0982,60.0,60,-12.0,18.0,-0.6667,1.0,-12.1,0.0894,-152.32,60,0.498,0.441,1680,9481.608398,-0.287837,0.0997,0.0,0.0,0.5,1.0,0.15,0.7347,-14.1174,60.0,-14.1174,0.0,0.0,0.0,0.0,0.0,0.0,18.0,0.0,18.0
28,0.017,2,3,1,0.3333,0.0981,120.0,60,-4.0,18.0,-0.2222,2.0,-4.1,0.0918,-75.45,60,0.424,0.474,1740,9481.791016,-0.310863,0.0996,0.0,0.0,0.5,1.0,0.18,0.7288,-12.9401,60.0,-12.9401,0.0,0.0,0.0,0.0,0.0,0.0,18.0,0.0,18.0
29,0.017,1,3,2,0.6667,0.0981,60.0,60,-22.0,18.0,-1.2222,1.0,-22.1,0.0975,-147.48,60,0.491,0.509,1800,9485.586914,-0.334474,0.0996,0.0,0.0,0.5,1.0,0.2,0.7255,-11.8049,-60.0,-11.8049,0.0,0.0,0.0,0.0,0.0,0.0,18.0,0.0,18.0
30,0.017,5,6,1,0.1667,0.098,300.0,60,40.0,18.0,2.2222,5.0,39.9,0.0981,1120.63,60,0.512,0.565,1860,9694.701172,-0.358482,0.0996,0.0,0.0,0.5,1.0,0.23,0.7467,-12.6659,240.0,-12.6659,22.0,0.3667,0.0,1.0,0.0,0.3667,18.0,18.0,0.0
31,0.017,0,2,2,1.0,0.0979,0.0,60,0.0,18.0,0.0,0.0,-0.1,0.1072,-9.81,60,0.51,0.493,1920,9707.300781,-0.386369,0.0996,0.0,0.0,0.5,1.0,0.25,0.7257,-8.6459,-300.0,-8.6459,0.0,0.0,0.0,0.0,0.0,0.0,18.0,0.0,18.0
32,0.017,2,2,0,0.0,0.0979,120.0,60,36.0,18.0,2.0,2.0,35.9,0.1062,3125.59,60,0.551,0.463,1980,9900.490234,-0.414057,0.0995,0.0,0.0,0.5,1.0,0.28,0.7425,-13.1973,120.0,-13.1973,18.0,0.3,0.0,1.0,0.0,0.3,18.0,18.0,0.0
33,0.017,1,5,4,0.8,0.0978,60.0,60,-30.0,18.0,-1.6667,1.0,-30.1,0.1132,-95.81,60,0.457,0.551,2040,10064.029297,-0.445218,0.0995,0.0,0.0,0.5,1.0,0.31,0.7205,-11.0171,-60.0,-11.0171,0.0,0.0,0.0,0.0,0.0,0.0,18.0,0.0,18.0
34,0.017,1,1,0,0.0,0.0977,60.0,60,18.0,18.0,1.0,1.0,17.9,0.1122,2080.11,60,0.462,0.523,2100,10164.132812,-0.47722,0.0995,0.0,0.0,0.5,1.0,0.34,0.7196,-11.7564,0.0,-11.7564,0.0,0.0,0.0,0.0,0.0,0.0,18.0,18.0,0.0
35,0.017,4,5,1,0.2,0.0977,240.0,60,24.0,18.0,1.3333,4.0,23.9,0.1133,604.22,60,0.508,0.554,2160,10310.15625,-0.51477,0.0994,0.0,0.0,0.5,1.0,0.38,0.739,-11.6837,180.0,-11.6837,6.0,0.1,0.0,1.0,0.0,0.1,18.0,18.0,0.0
36,0.017,1,2,1,0.5,0.0976,60.0,60,-12.0,18.0,-0.6667,1.0,-12.1,0.1173,-213.77,60,0.486,0.513,2220,10384.798828,-0.550253,0.0994,0.0,0.0,0.5,1.0,0.42,0.7355,-8.7058,-180.0,-8.7058,0.0,0.0,0.0,0.0,0.0,0.0,18.0,0.0,18.0
37,0.017,2,5,3,0.6,0.0975,120.0,60,-36.0,18.0,-2.0,2.0,-36.1,0.1223,-453.95,60,0.514,0.496,2280,10469.803711,-0.591503,0.0994,0.0,0.0,0.5,1.0,0.46,0.7377,-11.3567,60.0,-11.3567,0.0,0.0,0.0,0.0,0.0,0.0,18.0,0.0,18.0
38,0.017,2,4,2,0.5,0.0975,120.0,60,-24.0,18.0,-1.3333,2.0,-24.1,0.1263,-913.81,60,0.514,0.497,2340,10503.541016,-0.633642,0.0993,0.0,0.0,0.5,1.0,0.5,0.7504,-10.3156,0.0,-10.3156,0.0,0.0,0.0,0.0,0.0,0.0,18.0,0.0,18.0
39,0.017,1,2,1,0.5,0.0974,60.0,60,-12.0,18.0,-0.6667,1.0,-12.1,0.1304,1058.09,60,0.508,0.477,2400,10748.813477,-0.67968,0.0993,0.0,0.0,0.5,1.0,0.54,0.7293,-10.0556,-60.0,-10.0556,0.0,0.0,0.0,0.0,0.0,0.0,18.0,0.0,18.0
40,0.017,1,2,1,0.5,0.0973,60.0,60,-12.0,18.0,-0.6667,1.0,-12.1,0.1344,-197.29,60,0.499,0.557,2460,10820.796875,-0.729044,0.0993,0.0,0.0,0.5,1.0,0.59,0.7408,-10.8785,0.0,-10.8785,0.0,0.0,0.0,0.0,0.0,0.0,18.0,0.0,18.0
41,0.017,4,4,0,0.0,0.0973,240.0,60,72.0,18.0,4.0,4.0,71.9,0.1334,2012.89,60,0.521,0.564,2520,11031.81543,-0.781618,0.0993,0.0,0.0,0.5,1.0,0.65,0.7272,-10.6424,180.0,-10.6424,54.0,0.9,0.0,1.0,0.0,0.9,18.0,18.0,0.0
42,0.017,0,2,2,1.0,0.0972,0.0,60,0.0,18.0,0.0,0.0,-0.1,0.1424,-12.38,60,0.548,0.493,2580,11054.172852,-0.839068,0.0992,0.0,0.0,0.5,1.0,0.71,0.7362,-7.7604,-240.0,-7.7604,0.0,0.0,0.0,0.0,0.0,0.0,18.0,0.0,18.0
43,0.017,3,3,0,0.0,0.0971,180.0,60,54.0,18.0,3.0,3.0,53.9,0.1415,5008.09,60,0.5,0.537,2640,11116.865234,-0.900386,0.0992,0.0,0.0,0.5,1.0,0.77,0.7364,-11.3422,180.0,-11.3422,36.0,0.6,0.0,1.0,0.0,0.6,18.0,18.0,0.0
44,0.017,6,7,1,0.1429,0.0971,360.0,60,56.57,18.0,3.1429,6.0,56.47,0.1419,10311.29,60,0.549,0.558,2700,12139.693359,-0.96729,0.0992,0.0,0.0,0.5,1.0,0.84,0.7321,-8.3749,180.0,-8.3749,38.5714,0.6429,0.0,1.0,0.0,0.6429,18.0,18.0,0.0
45,0.017,4,5,1,0.2,0.097,240.0,60,24.0,18.0,1.3333,4.0,23.9,0.143,-3.4,60,0.579,0.54,2760,12652.585938,-1.038576,0.0991,0.0,0.0,0.5,1.0,0.91,0.7263,-5.4668,-120.0,-5.4668,6.0,0.1,0.0,1.0,0.0,0.1,18.0,18.0,0.0
46,0.017,0,2,2,1.0,0.0969,0.0,60,0.0,18.0,0.0,0.0,-0.1,0.152,-10.26,60,0.527,0.587,2820,12615.236328,-1.110691,0.0991,0.0,0.0,0.5,1.0,0.98,0.7378,-7.2546,-240.0,-7.2546,0.0,0.0,0.0,0.0,0.0,0.0,18.0,0.0,18.0
47,0.017,2,3,1,0.3333,0.0969,120.0,60,-4.0,18.0,-0.2222,2.0,-4.1,0.1543,-124.65,60,0.517,0.571,2880,13653.695312,-1.191076,0.0991,0.0,0.0,0.5,1.0,1.06,0.7325,-10.8221,120.0,-10.8221,0.0,0.0,0.0,0.0,0.0,0.0,18.0,0.0,18.0
48,0.017,2,2,0,0.0,0.0968,120.0,60,36.0,18.0,2.0,2.0,35.9,0.1534,1154.07,60,0.546,0.605,2940,14304.891602,-1.276713,0.099,0.0,0.0,0.5,1.0,1.15,0.7393,-8.8401,0.0,-8.8401,18.0,0.3,0.0,1.0,0.0,0.3,18.0,18.0,0.0
49,0.017,4,5,1,0.2,0.0967,240.0,60,24.0,18.0,1.3333,4.0,23.9,0.1544,-19.41,60,0.579,0.673,3000,14495.712891,-1.36922,0.099,0.0,0.0,0.5,1.0,1.24,0.7251,-8.6462,120.0,-8.6462,6.0,0.1,0.0,1.0,0.0,0.1,18.0,18.0,0.0
