999,1.0,109,111,2,0.018,0.06,109.0,60.0,30.74,18.0,1.7076,1.8167,30.64,0.0,1595.82,60,0.906,0.933,60000,9943.554688,-2351.707275,0.7257,0.013846,inf,0.7738,1.0,2352.77
0,1.0,90,96,6,0.0625,0.1,90.0,60.0,21.38,18.0,1.1875,1.5,21.27,0.0,1179.54,60,0.493,0.429,60,0.0,0.0,0.0,0.0,0.0,0.0,1.0,0.0,0.0,0.0,3.375,3.375,0.0,1.0,0.0,3.375
1,1.0,95,98,3,0.0306,0.0999,95.0,60.0,25.59,18.0,1.4218,1.5833,25.49,0.0,1450.88,60,0.388,0.511,120,0.0,0.0,0.0,0.0,0.0,0.0,1.0,0.0,5.0,2.5,7.5918,7.5918,0.5,0.5,3.7959,3.7959
2,1.0,87,91,4,0.044,0.0999,87.0,60.0,22.28,18.0,1.2375,1.45,22.18,0.0,1613.6,60,0.481,0.514,180,0.0,0.0,0.0,0.0,0.0,0.0,1.0,0.0,-8.0,4.0,4.2758,4.2758,0.0,1.0,0.0,4.2758
3,1.0,85,89,4,0.0449,0.0998,85.0,60.0,21.68,18.0,1.2044,1.4167,21.58,0.0,1246.16,60,0.496,0.489,240,0.0,0.0,0.0,0.0,0.0,0.0,1.0,0.0,-2.0,1.0,3.6798,3.6798,0.0,1.0,0.0,3.6798
4,1.0,90,95,5,0.0526,0.0997,90.0,60.0,22.26,18.0,1.2368,1.5,22.16,0.0,1510.29,60,0.39,0.529,300,0.0,0.0,0.0,0.0,0.0,0.0,1.0,0.0,5.0,2.5,4.2632,4.2632,0.5,0.5,2.1316,2.1316
5,1.0,84,86,2,0.0233,0.0997,84.0,60.0,23.25,18.0,1.2915,1.4,23.15,0.0,1553.34,60,0.449,0.515,360,0.0,0.0,0.0,0.0,0.0,0.0,1.0,0.0,-6.0,3.0,5.2465,5.2465,0.0,1.0,0.0,5.2465
6,1.0,99,102,3,0.0294,0.0996,99.0,60.0,26.79,18.0,1.4882,1.65,26.69,0.0,1728.52,60,0.497,0.483,420,0.0,0.0,0.0,0.0,0.0,0.0,1.0,0.0,15.0,7.5,8.7882,8.7882,0.5,0.5,4.3941,4.3941
7,1.0,95,96,1,0.0104,0.0995,95.0,60.0,27.51,18.0,1.5284,1.5833,27.41,0.0,1751.87,60,0.549,0.554,480,0.0,0.0,0.0,0.0,0.0,0.0,1.0,0.0,-4.0,2.0,9.5104,9.5104,0.0,1.0,0.0,9.5104
8,1.0,86,95,9,0.0947,0.0995,86.0,60.0,17.65,18.0,0.9807,1.4333,17.55,0.0,934.02,60,0.434,0.401,540,0.0,0.0,0.0,0.0,0.0,0.0,1.0,0.0,-9.0,4.5,0.0,0.0,0.0,0.0,0.0,0.0
9,1.0,87,93,6,0.0645,0.0994,87.0,60.0,20.49,18.0,1.1382,1.45,20.39,0.0,1122.3,60,0.48,0.589,600,0.0,0.0,0.0,0.0,0.0,0.0,1.0,0.0,1.0,0.5,2.4871,2.4871,0.5,0.5,1.2435,1.2435
10,1.0,84,86,2,0.0233,0.0993,84.0,60.0,23.25,18.0,1.2915,1.4,23.15,0.0,1447.59,60,0.458,0.542,660,0.0,0.0,0.0,0.0,0.0,0.0,1.0,0.0,-3.0,1.5,5.2465,5.2465,0.0,1.0,0.0,5.2465
11,1.0,93,96,3,0.0312,0.0993,93.0,60.0,24.99,18.0,1.3885,1.55,24.89,0.0,1698.38,60,0.476,0.514,720,0.0,0.0,0.0,0.0,0.0,0.0,1.0,0.0,9.0,4.5,6.9937,6.9937,0.5,0.5,3.4969,3.4969
12,1.0,90,90,0,0.0,0.0992,90.0,60.0,27.0,18.0,1.5,1.5,26.9,0.0,1694.9,60,0.478,0.511,780,0.0,0.0,0.0,0.0,0.0,0.0,1.0,0.0,-3.0,1.5,9.0,9.0,0.0,1.0,0.0,9.0
13,1.0,109,111,2,0.018,0.0991,109.0,60.0,30.74,18.0,1.7076,1.8167,30.64,0.0,1943.49,60,0.438,0.503,840,0.0,0.0,0.0,0.0,0.0,0.0,1.0,0.0,19.0,9.5,12.736,12.736,0.5,0.5,6.368,6.368
14,1.0,89,91,2,0.022,0.0991,89.0,60.0,24.74,18.0,1.3747,1.4833,24.64,0.0,1602.09,60,0.56,0.49,900,0.0,0.0,0.0,0.0,0.0,0.0,1.0,0.0,-20.0,10.0,6.744,6.744,0.0,1.0,0.0,6.744
15,1.0,84,87,3,0.0345,0.099,84.0,60.0,22.3,18.0,1.2391,1.4,22.2,0.0,1318.64,60,0.459,0.559,960,0.0,0.0,0.0,0.0,0.0,0.0,1.0,0.0,-5.0,2.5,4.3034,4.3034,0.0,1.0,0.0,4.3034
16,1.0,97,100,3,0.03,0.0989,97.0,60.0,26.19,18.0,1.455,1.6167,26.09,0.0,1563.49,60,0.514,0.498,1020,0.0,0.0,0.0,0.0,0.0,0.0,1.0,0.0,13.0,6.5,8.19,8.19,0.5,0.5,4.095,4.095
17,1.0,90,90,0,0.0,0.0989,90.0,60.0,27.0,18.0,1.5,1.5,26.9,0.0,1559.0,60,0.52,0.505,1080,83.635223,-26.631207,0.0982,0.012644,inf,0.7481,1.0,26.57,-7.0,5.2367,9.0,9.0,0.0,1.0,0.0,9.0
18,1.0,95,99,4,0.0404,0.0988,95.0,60.0,24.66,18.0,1.3701,1.5833,24.56,0.0,1342.02,60,0.8,0.733,1140,84.37159,-27.737761,0.0968,0.000114,inf,0.747,1.0,27.71,5.0,3.7352,6.6616,6.6616,0.747,0.253,4.9765,1.6851
19,1.0,104,107,3,0.028,0.0987,104.0,60.0,28.28,18.0,1.5713,1.7333,28.18,0.0,1517.9,60,0.749,0.808,1200,86.044418,-31.545704,0.0953,1.4e-05,inf,0.7487,1.0,31.53,9.0,6.7387,10.2841,10.2841,0.7487,0.2513,7.7001,2.584
20,1.0,100,104,4,0.0385,0.0987,100.0,60.0,26.15,18.0,1.453,1.6667,26.05,0.0,1467.06,60,0.8,0.725,1260,85.981194,-36.116215,0.0939,1.1e-05,inf,0.7545,1.0,36.09,-4.0,3.018,8.1538,8.1538,0.0,1.0,0.0,8.1538
21,1.0,84,89,5,0.0562,0.0986,84.0,60.0,20.48,18.0,1.1378,1.4,20.38,0.0,1443.79,60,0.813,0.742,1320,88.443626,-41.03405,0.0924,1e-05,inf,0.7486,1.0,40.99,-16.0,11.9781,2.4809,2.4809,0.0,1.0,0.0,2.4809
22,1.0,105,115,10,0.087,0.0985,105.0,60.0,22.37,18.0,1.2428,1.75,22.27,0.0,1067.18,60,0.821,0.666,1380,96.926285,-45.881557,0.0908,1e-05,inf,0.7545,1.0,45.83,21.0,15.8455,4.3696,4.3696,0.7545,0.2455,3.2971,1.0725
23,1.0,104,110,6,0.0545,0.0985,104.0,60.0,25.53,18.0,1.4182,1.7333,25.43,0.0,1468.72,60,0.828,0.524,1440,99.107895,-51.401539,0.089,1e-05,inf,0.7543,1.0,51.34,-1.0,0.7543,7.5273,7.5273,0.0,1.0,0.0,7.5273
24,1.0,95,101,6,0.0594,0.0984,95.0,60.0,22.86,18.0,1.2698,1.5833,22.76,0.0,1293.47,60,0.802,0.408,1500,100.043396,-57.329395,0.0873,1e-05,inf,0.7524,1.0,57.25,-9.0,6.7713,4.8564,4.8564,0.0,1.0,0.0,4.8564
25,1.0,93,101,8,0.0792,0.0983,93.0,60.0,20.53,18.0,1.1408,1.55,20.43,0.0,1389.25,60,0.688,0.38,1560,100.228745,-62.659817,0.0855,1e-05,inf,0.7516,1.0,62.57,-2.0,1.5031,2.5337,2.5337,0.0,1.0,0.0,2.5337
26,1.0,99,105,6,0.0571,0.0983,99.0,60.0,24.04,18.0,1.3357,1.65,23.94,0.0,1531.73,60,0.562,0.347,1620,104.301743,-68.07251,0.0837,1e-05,inf,0.7548,1.0,67.98,6.0,4.5286,6.0429,6.0429,0.7548,0.2452,4.561,1.4819
27,1.0,91,96,5,0.0521,0.0982,91.0,60.0,22.56,18.0,1.2534,1.5167,22.46,0.0,1538.26,60,0.457,0.284,1680,115.30899,-73.975914,0.0821,1.1e-05,inf,0.7525,1.0,73.91,-8.0,6.02,4.5604,4.5604,0.0,1.0,0.0,4.5604
28,1.0,97,98,1,0.0102,0.0981,97.0,60.0,28.11,18.0,1.5617,1.6167,28.01,0.0,1738.83,60,0.37,0.325,1740,111.947083,-80.820908,0.0807,1.2e-05,inf,0.7584,1.0,80.81,6.0,4.5504,10.1102,10.1102,0.7584,0.2416,7.6676,2.4426
29,1.0,81,82,1,0.0122,0.0981,81.0,60.0,23.31,18.0,1.2951,1.35,23.21,0.0,1268.39,60,0.214,0.199,1800,115.323975,-88.317047,0.0796,1.3e-05,inf,0.7503,1.0,88.31,-16.0,12.0046,5.3122,5.3122,0.0,1.0,0.0,5.3122
30,1.0,84,90,6,0.0667,0.098,84.0,60.0,19.6,18.0,1.0889,1.4,19.5,0.0,1225.41,60,0.209,0.182,1860,120.276054,-94.940018,0.0785,1.5e-05,inf,0.7542,1.0,94.92,3.0,2.2625,1.6,1.6,0.7542,0.2458,1.2067,0.3933
31,1.0,96,98,2,0.0204,0.0979,96.0,60.0,26.84,18.0,1.4912,1.6,26.74,0.0,1260.09,60,0.192,0.234,1920,124.561371,-98.658508,0.0772,1.8e-05,inf,0.7576,1.0,98.6,12.0,9.0917,8.8408,8.8408,0.7576,0.2424,6.6981,2.1427
32,1.0,80,84,4,0.0476,0.0979,80.0,60.0,20.19,18.0,1.1217,1.3333,20.09,0.0,869.55,60,0.255,0.2,1980,128.045898,-108.553787,0.0756,1.9e-05,inf,0.758,1.0,108.45,-16.0,12.1275,2.1905,2.1905,0.0,1.0,0.0,2.1905
33,1.0,89,94,5,0.0532,0.0978,89.0,60.0,21.97,18.0,1.2203,1.4833,21.87,0.0,1045.31,60,0.459,0.501,2040,144.541077,-114.212105,0.074,2.7e-05,inf,0.7575,1.0,114.14,9.0,6.8174,3.966,3.966,0.7575,0.2425,3.0042,0.9618
34,1.0,107,115,8,0.0696,0.0977,107.0,60.0,24.66,18.0,1.3698,1.7833,24.56,0.0,2076.67,60,0.742,0.626,2100,169.736618,-118.404297,0.0728,5.5e-05,inf,0.7574,1.0,118.44,18.0,13.6325,6.6565,6.6565,0.7574,0.2426,5.0414,1.6151
35,1.0,86,91,5,0.0549,0.0977,86.0,60.0,21.07,18.0,1.1708,1.4333,20.97,0.0,1301.6,60,0.871,0.847,2160,186.411835,-124.208702,0.0721,5.8e-05,inf,0.7593,1.0,124.3,-21.0,15.9458,3.0747,3.0747,0.0,1.0,0.0,3.0747
36,1.0,107,113,6,0.0531,0.0976,107.0,60.0,26.42,18.0,1.4677,1.7833,26.32,0.0,1603.15,60,0.887,0.858,2220,193.401077,-131.760956,0.0717,8e-05,inf,0.7542,1.0,131.87,21.0,15.8389,8.4186,8.4186,0.7542,0.2458,6.3496,2.069
37,1.0,101,103,2,0.0194,0.0975,101.0,60.0,28.34,18.0,1.5744,1.6833,28.24,0.0,1472.67,60,0.925,0.907,2280,179.636703,-140.130051,0.0715,9.4e-05,inf,0.7606,1.0,140.25,-6.0,4.5636,10.3388,10.3388,0.0,1.0,0.0,10.3388
38,1.0,107,110,3,0.0273,0.0975,107.0,60.0,29.18,18.0,1.6212,1.7833,29.08,0.0,1738.87,60,0.927,0.893,2340,168.314484,-149.403748,0.0715,0.000118,inf,0.7561,1.0,149.54,6.0,4.5366,11.1818,11.1818,0.7561,0.2439,8.4545,2.7273
39,1.0,102,102,0,0.0,0.0974,102.0,60.0,30.6,18.0,1.7,1.7,30.5,0.0,1969.78,60,0.934,0.936,2400,189.90596,-158.17868,0.0717,0.000192,inf,0.7558,1.0,158.37,-5.0,3.7789,12.6,12.6,0.0,1.0,0.0,12.6
40,1.0,97,100,3,0.03,0.0973,97.0,60.0,26.19,18.0,1.455,1.6167,26.09,0.0,1631.49,60,0.95,0.95,2460,190.702911,-164.424133,0.0721,0.000346,inf,0.7593,1.0,164.64,-5.0,3.7963,8.19,8.19,0.0,1.0,0.0,8.19
41,1.0,112,114,2,0.0175,0.0973,112.0,60.0,31.64,18.0,1.7575,1.8667,31.54,0.0,2057.38,60,0.976,0.959,2520,167.687469,-167.221191,0.0726,0.000572,inf,0.7531,1.0,167.45,15.0,11.297,13.6351,13.6351,0.7531,0.2469,10.269,3.3661
42,1.0,108,111,3,0.027,0.0972,108.0,60.0,29.48,18.0,1.6378,1.8,29.38,0.0,1935.21,60,0.976,0.953,2580,159.09845,-173.417984,0.0735,0.000884,inf,0.7601,1.0,173.66,-4.0,3.0405,11.4811,11.4811,0.0,1.0,0.0,11.4811
43,1.0,90,95,5,0.0526,0.0971,90.0,60.0,22.26,18.0,1.2368,1.5,22.16,0.0,1432.67,60,0.967,0.971,2640,170.454529,-188.490158,0.0745,0.002528,inf,0.7514,1.0,188.75,-18.0,13.5258,4.2632,4.2632,0.0,1.0,0.0,4.2632
44,1.0,96,96,0,0.0,0.0971,96.0,60.0,28.8,18.0,1.6,1.6,28.7,0.0,1537.42,60,0.964,0.962,2700,163.086182,-194.470856,0.0755,0.006043,inf,0.7613,1.0,194.75,6.0,4.5679,10.8,10.8,0.7613,0.2387,8.2221,2.5779
45,1.0,95,96,1,0.0104,0.097,95.0,60.0,27.51,18.0,1.5284,1.5833,27.41,0.0,1590.45,60,0.975,0.969,2760,179.116226,-185.674072,0.0766,0.002804,inf,0.757,1.0,185.92,-1.0,0.757,9.5104,9.5104,0.0,1.0,0.0,9.5104
46,1.0,113,114,1,0.0088,0.0969,113.0,60.0,32.91,18.0,1.8283,1.8833,32.81,0.0,2186.31,60,0.977,0.962,2820,203.214294,-193.560638,0.0777,0.003826,inf,0.7615,1.0,193.83,18.0,13.7073,14.9088,14.9088,0.7615,0.2385,11.3533,3.5555
47,1.0,89,91,2,0.022,0.0969,89.0,60.0,24.74,18.0,1.3747,1.4833,24.64,0.0,1558.6,60,0.974,0.958,2880,218.093353,-194.90361,0.0789,0.003265,inf,0.7569,1.0,195.19,-24.0,18.1648,6.744,6.744,0.0,1.0,0.0,6.744
48,1.0,113,113,0,0.0,0.0968,113.0,60.0,33.9,18.0,1.8833,1.8833,33.8,0.0,2229.52,60,0.978,0.955,2940,301.210175,-195.694321,0.0801,0.004344,inf,0.762,1.0,195.98,24.0,18.2874,15.9,15.9,0.762,0.238,12.1154,3.7846
49,1.0,91,91,0,0.0,0.0967,91.0,60.0,27.3,18.0,1.5167,1.5167,27.2,0.0,1456.28,60,0.972,0.968,3000,263.435638,-203.857056,0.0814,0.001803,inf,0.7554,1.0,204.14,-22.0,16.6185,9.3,9.3,0.0,1.0,0.0,9.3
50,1.0,109,110,1,0.0091,0.0967,109.0,60.0,31.71,18.0,1.7616,1.8167,31.61,0.0,2029.23,60,0.967,0.967,3060,293.793793,-214.023834,0.0827,0.002489,inf,0.7593,1.0,214.34,18.0,13.6678,13.7091,13.7091,0.7593,0.2407,10.4096,3.2995
51,1.0,104,107,3,0.028,0.0966,104.0,60.0,28.28,18.0,1.5713,1.7333,28.18,0.0,1452.62,60,0.97,0.964,3120,335.325684,-230.821014,0.0842,0.002316,inf,0.7544,1.0,231.15,-5.0,3.7719,10.2841,10.2841,0.0,1.0,0.0,10.2841
52,1.0,110,111,1,0.009,0.0965,110.0,60.0,32.01,18.0,1.7783,1.8333,31.91,0.0,1860.34,60,0.984,0.967,3180,401.300079,-226.68158,0.0856,0.002781,inf,0.7611,1.0,226.97,6.0,4.5668,14.009,14.009,0.7611,0.2389,10.6627,3.3463
53,1.0,105,106,1,0.0094,0.0965,105.0,60.0,30.51,18.0,1.695,1.75,30.41,0.0,1839.01,60,0.972,0.958,3240,403.526306,-239.244232,0.0871,0.0024,inf,0.7517,1.0,239.58,-5.0,3.7587,12.5094,12.5094,0.0,1.0,0.0,12.5094
54,1.0,102,103,1,0.0097,0.0964,102.0,60.0,29.61,18.0,1.645,1.7,29.51,0.0,1789.81,60,0.978,0.955,3300,456.711639,-235.389496,0.0886,0.001887,inf,0.7594,1.0,235.7,-3.0,2.2781,11.6097,11.6097,0.0,1.0,0.0,11.6097
55,1.0,109,110,1,0.0091,0.0963,109.0,60.0,31.71,18.0,1.7616,1.8167,31.61,0.0,1922.56,60,0.98,0.947,3360,487.259827,-253.922379,0.0902,0.002203,inf,0.7598,1.0,254.28,7.0,5.3188,13.7091,13.7091,0.7598,0.2402,10.4165,3.2926
56,1.0,100,102,2,0.0196,0.0963,100.0,60.0,28.04,18.0,1.5577,1.6667,27.94,0.0,1853.76,60,0.981,0.943,3420,538.184326,-249.970276,0.0917,0.002535,inf,0.7589,1.0,250.31,-9.0,6.8298,10.0392,10.0392,0.0,1.0,0.0,10.0392
57,1.0,101,102,1,0.0098,0.0962,101.0,60.0,29.31,18.0,1.6283,1.6833,29.21,0.0,1787.94,60,0.976,0.936,3480,564.670898,-265.799469,0.0933,0.00254,inf,0.7545,1.0,266.16,1.0,0.7545,11.3098,11.3098,0.7545,0.2455,8.5336,2.7762
58,1.0,106,107,1,0.0093,0.0961,106.0,60.0,30.81,18.0,1.7116,1.7667,30.71,0.0,1577.92,60,0.985,0.959,3540,661.092896,-265.251709,0.095,0.003325,inf,0.7622,1.0,265.59,5.0,3.8112,12.8093,12.8093,0.7622,0.2378,9.7637,3.0457
59,1.0,98,99,1,0.0101,0.0961,98.0,60.0,28.41,18.0,1.5783,1.6333,28.31,0.0,1630.41,60,0.981,0.949,3600,691.928589,-253.145264,0.0966,0.002496,inf,0.7584,1.0,253.52,-8.0,6.0671,10.4101,10.4101,0.0,1.0,0.0,10.4101
60,1.0,95,97,2,0.0206,0.096,95.0,60.0,26.54,18.0,1.4745,1.5833,26.44,0.0,1480.13,60,0.975,0.94,3660,683.182129,-275.220978,0.0982,0.002842,inf,0.7621,1.0,275.57,-3.0,2.2863,8.5412,8.5412,0.0,1.0,0.0,8.5412
61,1.0,92,94,2,0.0213,0.0959,92.0,60.0,25.64,18.0,1.4246,1.5333,25.54,0.0,1326.18,60,0.983,0.945,3720,335.521057,-377.249878,0.0997,0.001434,inf,0.7657,1.0,377.58,-3.0,2.2972,7.6426,7.6426,0.0,1.0,0.0,7.6426
62,1.0,103,103,0,0.0,0.0959,103.0,60.0,30.9,18.0,1.7167,1.7167,30.8,0.0,1775.21,60,0.979,0.918,3780,485.22229,-360.97998,0.101,0.001181,inf,0.7626,1.0,361.3,11.0,8.3886,12.9,12.9,0.7626,0.2374,9.8376,3.0624
63,1.0,102,106,4,0.0377,0.0958,102.0,60.0,26.75,18.0,1.4862,1.7,26.65,0.0,1465.31,60,0.978,0.92,3840,571.421082,-359.796997,0.1024,0.001331,inf,0.7581,1.0,360.11,-1.0,0.7581,8.7509,8.7509,0.0,1.0,0.0,8.7509
64,1.0,110,113,3,0.0265,0.0957,110.0,60.0,30.08,18.0,1.6711,1.8333,29.98,0.0,1580.25,60,0.977,0.905,3900,662.350464,-361.39801,0.1037,0.001354,inf,0.7576,1.0,361.7,8.0,6.061,12.0796,12.0796,0.7576,0.2424,9.1518,2.9278
65,1.0,99,101,2,0.0198,0.0957,99.0,60.0,27.74,18.0,1.5411,1.65,27.64,0.0,1783.79,60,0.975,0.888,3960,693.817871,-363.477203,0.1048,0.001323,inf,0.755,1.0,363.8,-11.0,8.3045,9.7396,9.7396,0.0,1.0,0.0,9.7396
66,1.0,98,98,0,0.0,0.0956,98.0,60.0,29.4,18.0,1.6333,1.6333,29.3,0.0,1670.75,60,0.984,0.854,4020,665.594849,-372.84491,0.1059,0.001268,inf,0.7572,1.0,373.16,-1.0,0.7572,11.4,11.4,0.0,1.0,0.0,11.4
67,1.0,108,110,2,0.0182,0.0955,108.0,60.0,30.44,18.0,1.6909,1.8,30.34,0.0,2005.28,60,0.981,0.906,4080,720.974487,-384.745972,0.1068,0.001346,inf,0.7621,1.0,385.03,10.0,7.6209,12.4364,12.4364,0.7621,0.2379,9.4776,2.9588
68,1.0,98,98,0,0.0,0.0955,98.0,60.0,29.4,18.0,1.6333,1.6333,29.3,0.0,1501.35,60,0.979,0.868,4140,791.417664,-394.208984,0.1077,0.001316,inf,0.7606,1.0,394.49,-10.0,7.6057,11.4,11.4,0.0,1.0,0.0,11.4
69,1.0,105,107,2,0.0187,0.0954,105.0,60.0,29.54,18.0,1.641,1.75,29.44,0.0,1424.6,60,0.984,0.883,4200,837.030518,-402.229248,0.1084,0.00133,inf,0.7573,1.0,402.49,7.0,5.3014,11.5374,11.5374,0.7573,0.2427,8.7377,2.7997
70,1.0,104,108,4,0.037,0.0953,104.0,60.0,27.35,18.0,1.5193,1.7333,27.25,0.0,1403.76,60,0.983,0.834,4260,824.083435,-405.980286,0.109,0.001333,inf,0.7639,1.0,406.23,-1.0,0.7639,9.3481,9.3481,0.0,1.0,0.0,9.3481
71,1.0,105,110,5,0.0455,0.0953,105.0,60.0,26.73,18.0,1.4848,1.75,26.63,0.0,1399.94,60,0.978,0.811,4320,931.780151,-405.328674,0.1094,0.001308,inf,0.7625,1.0,405.58,1.0,0.7625,8.7273,8.7273,0.7625,0.2375,6.6545,2.0727
72,1.0,109,113,4,0.0354,0.0952,109.0,60.0,28.84,18.0,1.6023,1.8167,28.74,0.0,1673.43,60,0.977,0.768,4380,945.108521,-408.92923,0.1095,0.001389,inf,0.7618,1.0,409.15,4.0,3.0474,10.8416,10.8416,0.7618,0.2382,8.2596,2.582
73,1.0,109,115,6,0.0522,0.0951,109.0,60.0,27.01,18.0,1.5007,1.8167,26.91,0.0,2002.49,60,0.982,0.77,4440,1028.571289,-413.684418,0.1093,0.002186,inf,0.7624,1.0,413.89,0.0,0.0,9.013,9.013,0.0,1.0,0.0,9.013
74,1.0,97,101,4,0.0396,0.0951,97.0,60.0,25.26,18.0,1.4032,1.6167,25.16,0.0,1475.58,60,0.983,0.747,4500,1638.377197,-205.643936,0.1091,0.007632,inf,0.7594,1.0,205.84,-12.0,9.113,7.2584,7.2584,0.0,1.0,0.0,7.2584
75,1.0,108,110,2,0.0182,0.095,108.0,60.0,30.44,18.0,1.6909,1.8,30.34,0.0,1955.78,60,0.984,0.63,4560,1611.19873,-314.039307,0.109,0.003479,inf,0.7586,1.0,314.26,11.0,8.3441,12.4364,12.4364,0.7586,0.2414,9.4337,3.0027
76,1.0,112,115,3,0.0261,0.0949,112.0,60.0,30.68,18.0,1.7043,1.8667,30.58,0.0,1977.72,60,0.983,0.633,4620,1891.488525,-174.447189,0.1088,0.004216,inf,0.763,1.0,174.65,4.0,3.052,12.6783,12.6783,0.763,0.237,9.6736,3.0046
77,1.0,92,95,3,0.0316,0.0949,92.0,60.0,24.69,18.0,1.3719,1.5333,24.59,0.0,1332.65,60,0.978,0.798,4680,909.143433,-97.664917,0.1089,0.002431,inf,0.7645,1.0,97.86,-20.0,15.2903,6.6947,6.6947,0.0,1.0,0.0,6.6947
78,1.0,112,118,6,0.0508,0.0948,112.0,60.0,27.91,18.0,1.5503,1.8667,27.81,0.0,1491.42,60,0.981,0.758,4740,789.110718,-118.283142,0.1087,0.001255,inf,0.7659,1.0,118.52,20.0,15.317,9.9051,9.9051,0.7659,0.2341,7.5858,2.3193
79,1.0,96,100,4,0.04,0.0947,96.0,60.0,24.96,18.0,1.3867,1.6,24.86,0.0,1790.53,60,0.984,0.802,4800,1081.769287,-149.693237,0.1091,0.002331,inf,0.7669,1.0,149.95,-16.0,12.271,6.96,6.96,0.0,1.0,0.0,6.96
80,1.0,93,96,3,0.0312,0.0947,93.0,60.0,24.99,18.0,1.3885,1.55,24.89,0.0,1306.81,60,0.981,0.841,4860,1919.490234,-281.174286,0.1101,0.004911,inf,0.7659,1.0,281.45,-3.0,2.2976,6.9937,6.9937,0.0,1.0,0.0,6.9937
81,1.0,99,100,1,0.01,0.0946,99.0,60.0,28.71,18.0,1.595,1.65,28.61,0.0,1719.95,60,0.975,0.788,4920,1439.076904,-327.737183,0.111,0.003145,inf,0.7643,1.0,328.01,6.0,4.5856,10.71,10.71,0.7643,0.2357,8.1854,2.5246
82,1.0,94,99,5,0.0505,0.0945,94.0,60.0,23.45,18.0,1.3029,1.5667,23.35,0.0,1558.27,60,0.985,0.827,4980,1590.297729,-329.185913,0.1119,0.003019,inf,0.7655,1.0,329.45,-5.0,3.8273,5.4525,5.4525,0.0,1.0,0.0,5.4525
83,1.0,103,107,4,0.0374,0.0945,103.0,60.0,27.05,18.0,1.5028,1.7167,26.95,0.0,1571.56,60,0.985,0.782,5040,1610.887085,-333.07663,0.1122,0.00303,inf,0.7585,1.0,333.3,9.0,6.8269,9.0495,9.0495,0.7585,0.2415,6.8645,2.185
84,1.0,103,109,6,0.055,0.0944,103.0,60.0,25.23,18.0,1.4017,1.7167,25.13,0.0,1646.5,60,0.983,0.619,5100,1651.470337,-323.768799,0.1122,0.003775,inf,0.7666,1.0,323.98,0.0,0.0,7.2303,7.2303,0.0,1.0,0.0,7.2303
85,1.0,111,116,5,0.0431,0.0943,111.0,60.0,28.52,18.0,1.5842,1.85,28.42,0.0,1699.94,60,0.984,0.608,5160,1764.337402,-272.851044,0.1121,0.003452,inf,0.7642,1.0,273.07,8.0,6.1139,10.5155,10.5155,0.7642,0.2358,8.0363,2.4792
86,1.0,109,119,10,0.084,0.0943,109.0,60.0,23.54,18.0,1.3078,1.8167,23.44,0.0,1852.39,60,0.981,0.496,5220,1487.851685,-380.073334,0.112,0.003664,inf,0.7611,1.0,380.29,-2.0,1.5221,5.5403,5.5403,0.0,1.0,0.0,5.5403
87,1.0,104,117,13,0.1111,0.0942,104.0,60.0,19.64,18.0,1.0914,1.7333,19.54,0.0002,1557.91,60,0.984,0.384,5280,392.221863,-488.976898,0.1121,0.003022,inf,0.7691,1.0,489.23,-5.0,3.8453,1.6444,1.6444,0.0,1.0,0.0,1.6444
88,1.0,98,105,7,0.0667,0.0941,98.0,60.0,22.87,18.0,1.2704,1.6333,22.77,0.0,1346.01,60,0.989,0.381,5340,399.764771,-473.059601,0.1121,0.00036,inf,0.7731,1.0,473.29,-6.0,4.6386,4.8667,4.8667,0.0,1.0,0.0,4.8667
89,1.0,105,114,9,0.0789,0.0941,105.0,60.0,23.21,18.0,1.2895,1.75,23.11,0.0,1852.46,60,0.989,0.487,5400,290.353638,-484.66394,0.1121,0.000402,inf,0.7642,1.0,484.89,7.0,5.3497,5.2105,5.2105,0.7642,0.2358,3.9821,1.2284
90,1.0,98,108,10,0.0926,0.094,98.0,60.0,20.33,18.0,1.1292,1.6333,20.23,0.0,1399.53,60,0.984,0.464,5460,356.643005,-487.358185,0.112,0.000495,inf,0.7655,1.0,487.59,-7.0,5.3586,2.3259,2.3259,0.0,1.0,0.0,2.3259
91,1.0,110,127,17,0.1339,0.0939,110.0,60.0,18.28,18.0,1.0153,1.8333,18.18,0.0004,1052.27,60,0.983,0.392,5520,453.199707,-487.285217,0.1121,0.000588,inf,0.7728,1.0,487.5,12.0,9.2731,0.0,0.0,0.0,0.0,0.0,0.0
92,1.0,100,104,4,0.0385,0.0939,100.0,60.0,26.15,18.0,1.453,1.6667,26.05,0.0,1533.37,60,0.986,0.35,5580,351.66571,-491.613098,0.112,0.000672,inf,0.7633,1.0,491.83,-10.0,7.6331,8.1538,8.1538,0.0,1.0,0.0,8.1538
93,1.0,94,107,13,0.1215,0.0938,94.0,60.0,16.78,18.0,0.9322,1.5667,16.68,0.0003,1419.46,60,0.984,0.375,5640,499.161133,-506.681213,0.1118,0.000827,inf,0.7715,1.0,506.88,-6.0,4.6289,0.0,0.0,0.0,0.0,0.0,0.0
94,1.0,103,111,8,0.0721,0.0937,103.0,60.0,23.48,18.0,1.3043,1.7167,23.38,0.0001,1524.5,60,0.988,0.47,5700,452.290039,-511.237549,0.1115,0.000919,inf,0.7649,1.0,511.45,9.0,6.8843,5.4766,5.4766,0.7649,0.2351,4.1892,1.2874
95,1.0,117,129,12,0.093,0.0937,117.0,60.0,24.22,18.0,1.3453,1.95,24.12,0.0001,1293.86,60,0.983,0.457,5760,645.861389,-503.678131,0.1111,0.001101,inf,0.7655,1.0,503.88,14.0,10.7169,6.2163,6.2163,0.7655,0.2345,4.7585,1.4578
96,1.0,111,118,7,0.0593,0.0936,111.0,60.0,26.72,18.0,1.4842,1.85,26.62,0.0,1908.49,60,0.979,0.455,5820,643.350098,-518.595093,0.1105,0.00125,inf,0.7635,1.0,518.8,-6.0,4.5811,8.7153,8.7153,0.0,1.0,0.0,8.7153
97,1.0,101,105,4,0.0381,0.0935,101.0,60.0,26.45,18.0,1.4696,1.6833,26.35,0.0,1599.52,60,0.988,0.47,5880,705.227905,-530.08844,0.11,0.001356,inf,0.7589,1.0,530.3,-10.0,7.5894,8.4524,8.4524,0.0,1.0,0.0,8.4524
98,1.0,112,119,7,0.0588,0.0935,112.0,60.0,27.01,18.0,1.5007,1.8667,26.91,0.0,1716.52,60,0.985,0.502,5940,841.477417,-525.944336,0.1094,0.001424,inf,0.7628,1.0,526.13,11.0,8.3913,9.0118,9.0118,0.7628,0.2372,6.8746,2.1372
99,1.0,109,112,3,0.0268,0.0934,109.0,60.0,29.78,18.0,1.6545,1.8167,29.68,0.0,1862.75,60,0.984,0.451,6000,828.534302,-543.640869,0.1088,0.00149,inf,0.7687,1.0,543.84,-3.0,2.3062,11.7804,11.7804,0.0,1.0,0.0,11.7804
100,1.0,98,106,8,0.0755,0.0933,98.0,60.0,22.0,18.0,1.2224,1.6333,21.9,0.0,1625.16,60,0.985,0.437,6060,871.985046,-554.195679,0.1083,0.001554,inf,0.7592,1.0,554.39,-11.0,8.3516,4.0038,4.0038,0.0,1.0,0.0,4.0038
101,1.0,109,113,4,0.0354,0.0933,109.0,60.0,28.84,18.0,1.6023,1.8167,28.74,0.0,1512.78,60,0.987,0.354,6120,995.987915,-551.253601,0.1078,0.001605,inf,0.772,1.0,551.46,11.0,8.4923,10.8416,10.8416,0.772,0.228,8.37,2.4716
102,1.0,93,101,8,0.0792,0.0932,93.0,60.0,20.53,18.0,1.1408,1.55,20.43,0.0,1110.94,60,0.979,0.406,6180,1005.21582,-568.678833,0.1074,0.001595,inf,0.7653,1.0,568.88,-16.0,12.244,2.5337,2.5337,0.0,1.0,0.0,2.5337
103,1.0,112,122,10,0.082,0.0931,112.0,60.0,24.42,18.0,1.3566,1.8667,24.32,0.0,1384.07,60,0.984,0.409,6240,1040.422607,-578.295044,0.1068,0.00169,inf,0.7633,1.0,578.49,19.0,14.5035,6.4197,6.4197,0.7633,0.2367,4.9004,1.5193
104,1.0,116,131,15,0.1145,0.0931,116.0,60.0,21.52,18.0,1.1954,1.9333,21.42,0.0002,1235.05,60,0.985,0.41,6300,1220.455811,-573.174927,0.106,0.001731,inf,0.7623,1.0,573.35,4.0,3.0494,3.5176,3.5176,0.7623,0.2377,2.6816,0.836
105,1.0,100,106,6,0.0566,0.093,100.0,60.0,24.34,18.0,1.3522,1.6667,24.24,0.0,1578.43,60,0.987,0.416,6360,1168.927856,-592.169556,0.1051,0.001868,inf,0.769,1.0,592.36,-16.0,12.3035,6.3396,6.3396,0.0,1.0,0.0,6.3396
106,1.0,126,133,7,0.0526,0.0929,126.0,60.0,31.17,18.0,1.7316,2.1,31.07,0.0,1984.49,60,0.981,0.555,6420,1275.680054,-605.082825,0.1043,0.00201,inf,0.7659,1.0,605.26,26.0,19.913,13.1684,13.1684,0.7659,0.2341,10.0855,3.0829
107,1.0,100,107,7,0.0654,0.0929,100.0,60.0,23.46,18.0,1.3032,1.6667,23.36,0.0,1617.29,60,0.973,0.442,6480,1390.448242,-600.637451,0.1034,0.002107,inf,0.7632,1.0,600.82,-26.0,19.8431,5.4579,5.4579,0.0,1.0,0.0,5.4579
108,1.0,119,123,4,0.0325,0.0928,119.0,60.0,31.83,18.0,1.7683,1.9833,31.73,0.0,1780.12,60,0.979,0.569,6540,1433.694092,-591.215454,0.1025,0.002263,inf,0.7669,1.0,591.39,19.0,14.5714,13.8301,13.8301,0.7669,0.2331,10.6065,3.2236
109,1.0,112,118,6,0.0508,0.0927,112.0,60.0,27.91,18.0,1.5503,1.8667,27.81,0.0,1217.61,60,0.98,0.551,6600,2079.346191,-602.717163,0.1017,0.003503,inf,0.7648,1.0,602.9,-7.0,5.3537,9.9051,9.9051,0.0,1.0,0.0,9.9051
110,1.0,106,114,8,0.0702,0.0927,106.0,60.0,24.36,18.0,1.3534,1.7667,24.26,0.0,1351.6,60,0.984,0.561,6660,1826.156006,-606.4552,0.101,0.003172,inf,0.7666,1.0,606.64,-6.0,4.5998,6.3614,6.3614,0.0,1.0,0.0,6.3614
111,1.0,92,101,9,0.0891,0.0926,92.0,60.0,19.4,18.0,1.0779,1.5333,19.3,0.0,1192.85,60,0.985,0.63,6720,1380.717529,-652.288208,0.1004,0.003684,inf,0.7736,1.0,652.49,-14.0,10.8299,1.402,1.402,0.0,1.0,0.0,1.402
112,1.0,125,133,8,0.0602,0.0925,125.0,60.0,29.98,18.0,1.6656,2.0833,29.88,0.0,1865.13,60,0.987,0.625,6780,2366.007812,-510.049927,0.1003,0.003985,inf,0.7679,1.0,510.25,33.0,25.3421,11.9812,11.9812,0.7679,0.2321,9.2009,2.7803
113,1.0,110,113,3,0.0265,0.0925,110.0,60.0,30.08,18.0,1.6711,1.8333,29.98,0.0,1474.69,60,0.98,0.704,6840,3389.416504,-551.379272,0.1006,0.005823,inf,0.7621,1.0,551.58,-15.0,11.4321,12.0796,12.0796,0.0,1.0,0.0,12.0796
114,1.0,100,103,3,0.0291,0.0924,100.0,60.0,27.09,18.0,1.5049,1.6667,26.99,0.0,2060.54,60,0.983,0.619,6900,3549.524902,-550.404175,0.1011,0.006183,inf,0.7644,1.0,550.64,-10.0,7.6443,9.0874,9.0874,0.0,1.0,0.0,9.0874
115,1.0,110,115,5,0.0435,0.0923,110.0,60.0,28.22,18.0,1.5676,1.8333,28.12,0.0,1900.46,60,0.986,0.751,6960,4029.571289,-447.301025,0.102,0.008649,inf,0.7632,1.0,447.54,10.0,7.6323,10.2174,10.2174,0.7632,0.2368,7.7982,2.4192
116,1.0,112,119,7,0.0588,0.0923,112.0,60.0,27.01,18.0,1.5007,1.8667,26.91,0.0,1990.74,60,0.982,0.725,7020,308.648071,-693.348938,0.1044,0.001191,inf,0.774,1.0,693.62,2.0,1.5479,9.0118,9.0118,0.774,0.226,6.9748,2.037
117,1.0,111,114,3,0.0263,0.0922,111.0,60.0,30.38,18.0,1.6877,1.85,30.28,0.0,1835.75,60,0.982,0.842,7080,556.629883,-698.776489,0.1081,0.000487,inf,0.7648,1.0,699.07,-1.0,0.7648,12.3789,12.3789,0.0,1.0,0.0,12.3789
118,1.0,101,105,4,0.0381,0.0921,101.0,60.0,26.45,18.0,1.4696,1.6833,26.35,0.0,1339.94,60,0.989,0.836,7140,461.4375,-706.555847,0.1115,0.000566,inf,0.7622,1.0,706.86,-10.0,7.6218,8.4524,8.4524,0.0,1.0,0.0,8.4524
119,1.0,91,93,2,0.0215,0.0921,91.0,60.0,25.34,18.0,1.4079,1.5167,25.24,0.0,1298.96,60,0.985,0.84,7200,248.042618,-717.673828,0.1147,0.000678,inf,0.7679,1.0,717.97,-10.0,7.679,7.343,7.343,0.0,1.0,0.0,7.343
120,1.0,100,104,4,0.0385,0.092,100.0,60.0,26.15,18.0,1.453,1.6667,26.05,0.0,1558.57,60,0.982,0.866,7260,340.578644,-732.311523,0.1176,0.000822,inf,0.7729,1.0,732.63,9.0,6.9564,8.1538,8.1538,0.7729,0.2271,6.3024,1.8514
121,1.0,106,107,1,0.0093,0.0919,106.0,60.0,30.81,18.0,1.7116,1.7667,30.71,0.0,1815.02,60,0.987,0.866,7320,304.296021,-742.098328,0.1203,0.001069,inf,0.7652,1.0,742.42,6.0,4.5911,12.8093,12.8093,0.7652,0.2348,9.8014,3.0079
122,1.0,106,108,2,0.0185,0.0919,106.0,60.0,29.84,18.0,1.6576,1.7667,29.74,0.0,1749.28,60,0.986,0.847,7380,286.153748,-743.490967,0.1226,0.001018,inf,0.7698,1.0,743.83,0.0,0.0,11.837,11.837,0.0,1.0,0.0,11.837
123,1.0,94,94,0,0.0,0.0918,94.0,60.0,28.2,18.0,1.5667,1.5667,28.1,0.0,1656.88,60,0.978,0.85,7440,371.868164,-746.078796,0.1247,0.001033,inf,0.7687,1.0,746.39,-12.0,9.2243,10.2,10.2,0.0,1.0,0.0,10.2
124,1.0,108,110,2,0.0182,0.0917,108.0,60.0,30.44,18.0,1.6909,1.8,30.34,0.0,1892.37,60,0.977,0.85,7500,377.713287,-750.419556,0.1265,0.001027,inf,0.766,1.0,750.69,14.0,10.7244,12.4364,12.4364,0.766,0.234,9.5266,2.9098
125,1.0,97,100,3,0.03,0.0917,97.0,60.0,26.19,18.0,1.455,1.6167,26.09,0.0,1606.59,60,0.971,0.844,7560,353.580322,-757.366211,0.1282,0.000987,inf,0.7653,1.0,757.65,-11.0,8.418,8.19,8.19,0.0,1.0,0.0,8.19
126,1.0,95,101,6,0.0594,0.0916,95.0,60.0,22.86,18.0,1.2698,1.5833,22.76,0.0,1381.93,60,0.973,0.852,7620,367.019806,-765.663696,0.1298,0.00096,inf,0.7715,1.0,765.98,-2.0,1.543,4.8564,4.8564,0.0,1.0,0.0,4.8564
127,1.0,109,113,4,0.0354,0.0915,109.0,60.0,28.84,18.0,1.6023,1.8167,28.74,0.0,1540.69,60,0.97,0.863,7680,406.121399,-773.027527,0.1311,0.000942,inf,0.7727,1.0,773.36,14.0,10.8171,10.8416,10.8416,0.7727,0.2273,8.3768,2.4648
128,1.0,100,104,4,0.0385,0.0915,100.0,60.0,26.15,18.0,1.453,1.6667,26.05,0.0,1707.35,60,0.971,0.861,7740,441.119263,-780.904602,0.1321,0.000928,inf,0.7755,1.0,781.19,-9.0,6.9799,8.1538,8.1538,0.0,1.0,0.0,8.1538
129,1.0,106,107,1,0.0093,0.0914,106.0,60.0,30.81,18.0,1.7116,1.7667,30.71,0.0,1943.15,60,0.98,0.841,7800,471.714722,-787.003113,0.1331,0.000948,inf,0.772,1.0,787.31,6.0,4.632,12.8093,12.8093,0.772,0.228,9.8888,2.9206
130,1.0,109,110,1,0.0091,0.0913,109.0,60.0,31.71,18.0,1.7616,1.8167,31.61,0.0,1998.22,60,0.977,0.855,7860,513.948975,-791.380737,0.1339,0.000994,inf,0.7685,1.0,791.67,3.0,2.3054,13.7091,13.7091,0.7685,0.2315,10.5352,3.1739
131,1.0,87,92,5,0.0543,0.0913,87.0,60.0,21.37,18.0,1.1873,1.45,21.27,0.0,1189.08,60,0.966,0.829,7920,625.761536,-799.18396,0.1349,0.001043,inf,0.7656,1.0,799.48,-22.0,16.8422,3.3717,3.3717,0.0,1.0,0.0,3.3717
132,1.0,113,120,7,0.0583,0.0912,113.0,60.0,27.31,18.0,1.5171,1.8833,27.21,0.0,1504.5,60,0.964,0.839,7980,630.759094,-816.000244,0.1358,0.001112,inf,0.7663,1.0,816.29,26.0,19.9236,9.3083,9.3083,0.7663,0.2337,7.1329,2.1754
133,1.0,89,93,4,0.043,0.0911,89.0,60.0,22.87,18.0,1.2707,1.4833,22.77,0.0,1354.75,60,0.98,0.862,8040,689.824524,-816.055847,0.1366,0.001085,inf,0.7783,1.0,816.38,-24.0,18.6791,4.872,4.872,0.0,1.0,0.0,4.872
134,1.0,101,105,4,0.0381,0.0911,101.0,60.0,26.45,18.0,1.4696,1.6833,26.35,0.0,1415.94,60,0.971,0.832,8100,779.276978,-813.173523,0.1373,0.001141,inf,0.7653,1.0,813.47,12.0,9.1838,8.4524,8.4524,0.7653,0.2347,6.4688,1.9836
135,1.0,100,106,6,0.0566,0.091,100.0,60.0,24.34,18.0,1.3522,1.6667,24.24,0.0,1155.12,60,0.966,0.832,8160,936.672974,-817.96344,0.1375,0.001211,inf,0.7694,1.0,818.25,-1.0,0.7694,6.3396,6.3396,0.0,1.0,0.0,6.3396
136,1.0,115,120,5,0.0417,0.0909,115.0,60.0,29.71,18.0,1.6505,1.9167,29.61,0.0,1808.62,60,0.973,0.84,8220,991.029541,-825.796814,0.1371,0.001212,inf,0.7729,1.0,826.05,15.0,11.5934,11.7083,11.7083,0.7729,0.2271,9.0493,2.6591
137,1.0,110,113,3,0.0265,0.0909,110.0,60.0,30.08,18.0,1.6711,1.8333,29.98,0.0,1532.21,60,0.965,0.827,8280,1110.216797,-833.742432,0.136,0.001326,inf,0.7695,1.0,833.97,-5.0,3.8473,12.0796,12.0796,0.0,1.0,0.0,12.0796
138,1.0,92,95,3,0.0316,0.0908,92.0,60.0,24.69,18.0,1.3719,1.5333,24.59,0.0,1507.24,60,0.969,0.814,8340,1156.425293,-840.126343,0.1345,0.001332,inf,0.7722,1.0,840.36,-18.0,13.9002,6.6947,6.6947,0.0,1.0,0.0,6.6947
139,1.0,107,107,0,0.0,0.0907,107.0,60.0,32.1,18.0,1.7833,1.7833,32.0,0.0,1990.06,60,0.973,0.788,8400,1218.654785,-846.570679,0.1327,0.001337,inf,0.764,1.0,846.78,15.0,11.4606,14.1,14.1,0.764,0.236,10.7729,3.3271
140,1.0,100,102,2,0.0196,0.0907,100.0,60.0,28.04,18.0,1.5577,1.6667,27.94,0.0,1848.72,60,0.964,0.766,8460,1279.796387,-851.936523,0.1309,0.00137,inf,0.7708,1.0,852.16,-7.0,5.3957,10.0392,10.0392,0.0,1.0,0.0,10.0392
141,1.0,104,107,3,0.028,0.0906,104.0,60.0,28.28,18.0,1.5713,1.7333,28.18,0.0,1769.0,60,0.971,0.815,8520,1226.321289,-858.291382,0.1291,0.001328,inf,0.7719,1.0,858.51,4.0,3.0877,10.2841,10.2841,0.7719,0.2281,7.9386,2.3455
142,1.0,104,106,2,0.0189,0.0905,104.0,60.0,29.24,18.0,1.6243,1.7333,29.14,0.0,1555.39,60,0.961,0.744,8580,1219.299561,-866.47937,0.1276,0.001351,inf,0.7634,1.0,866.71,0.0,0.0,11.2377,11.2377,0.0,1.0,0.0,11.2377
143,1.0,94,97,3,0.0309,0.0905,94.0,60.0,25.29,18.0,1.4052,1.5667,25.19,0.0,1835.31,60,0.968,0.822,8640,1286.140137,-878.588623,0.1262,0.001371,inf,0.7701,1.0,878.83,-10.0,7.7008,7.2928,7.2928,0.0,1.0,0.0,7.2928
144,1.0,106,109,3,0.0275,0.0904,106.0,60.0,28.88,18.0,1.6046,1.7667,28.78,0.0,1999.13,60,0.971,0.819,8700,1450.290527,-893.778442,0.125,0.001403,inf,0.768,1.0,894.01,12.0,9.216,10.8826,10.8826,0.768,0.232,8.3578,2.5247
145,1.0,92,96,4,0.0417,0.0903,92.0,60.0,23.77,18.0,1.3204,1.5333,23.67,0.0,1764.82,60,0.97,0.832,8760,1575.757935,-903.750366,0.1238,0.001496,inf,0.7653,1.0,903.95,-14.0,10.7148,5.7667,5.7667,0.0,1.0,0.0,5.7667
146,1.0,103,108,5,0.0463,0.0903,103.0,60.0,26.13,18.0,1.4517,1.7167,26.03,0.0,1538.02,60,0.968,0.747,8820,1524.514648,-910.52832,0.1228,0.001457,inf,0.7625,1.0,910.76,11.0,8.3874,8.1315,8.1315,0.7625,0.2375,6.2002,1.9313
147,1.0,114,119,5,0.042,0.0902,114.0,60.0,29.41,18.0,1.6339,1.9,29.31,0.0,1623.29,60,0.976,0.811,8880,1586.377441,-912.768433,0.1221,0.0015,inf,0.7697,1.0,912.99,11.0,8.4662,11.4101,11.4101,0.7697,0.2303,8.7818,2.6283
148,1.0,91,93,2,0.0215,0.0901,91.0,60.0,25.34,18.0,1.4079,1.5167,25.24,0.0,1363.33,60,0.978,0.765,8940,1749.939209,-909.582153,0.1214,0.001501,inf,0.7636,1.0,909.8,-23.0,17.5621,7.343,7.343,0.0,1.0,0.0,7.343
149,1.0,100,103,3,0.0291,0.0901,100.0,60.0,27.09,18.0,1.5049,1.6667,26.99,0.0,1793.94,60,0.971,0.828,9000,1810.863892,-911.087524,0.1209,0.001536,inf,0.7675,1.0,911.31,9.0,6.9076,9.0874,9.0874,0.7675,0.2325,6.9747,2.1127
150,1.0,89,93,4,0.043,0.09,89.0,60.0,22.87,18.0,1.2707,1.4833,22.77,0.0,1362.9,60,0.976,0.787,9060,1685.273071,-927.262634,0.1206,0.001483,inf,0.77,1.0,927.5,-11.0,8.4701,4.872,4.872,0.0,1.0,0.0,4.872
151,1.0,108,109,1,0.0092,0.0899,108.0,60.0,31.41,18.0,1.745,1.8,31.31,0.0,1984.55,60,0.975,0.863,9120,1907.786987,-945.776794,0.1201,0.001597,inf,0.7776,1.0,946.02,19.0,14.7753,13.4092,13.4092,0.7776,0.2224,10.4276,2.9815
152,1.0,112,115,3,0.0261,0.0899,112.0,60.0,30.68,18.0,1.7043,1.8667,30.58,0.0,1989.65,60,0.974,0.812,9180,1856.398071,-950.306763,0.1197,0.001592,inf,0.7695,1.0,950.53,4.0,3.0781,12.6783,12.6783,0.7695,0.2305,9.7561,2.9221
153,1.0,105,109,4,0.0367,0.0898,105.0,60.0,27.65,18.0,1.5359,1.75,27.55,0.0,1551.81,60,0.971,0.792,9240,2107.616211,-943.712769,0.1195,0.001664,inf,0.7672,1.0,943.94,-7.0,5.3705,9.6468,9.6468,0.0,1.0,0.0,9.6468
154,1.0,102,106,4,0.0377,0.0897,102.0,60.0,26.75,18.0,1.4862,1.7,26.65,0.0,1291.92,60,0.978,0.785,9300,2065.369141,-944.119812,0.1196,0.001648,inf,0.7644,1.0,944.35,-3.0,2.2931,8.7509,8.7509,0.0,1.0,0.0,8.7509
155,1.0,101,102,1,0.0098,0.0897,101.0,60.0,29.31,18.0,1.6283,1.6833,29.21,0.0,1712.74,60,0.981,0.801,9360,2089.461426,-965.122803,0.1199,0.001694,inf,0.7798,1.0,965.36,-1.0,0.7798,11.3098,11.3098,0.0,1.0,0.0,11.3098
156,1.0,111,114,3,0.0263,0.0896,111.0,60.0,30.38,18.0,1.6877,1.85,30.28,0.0,1684.16,60,0.981,0.844,9420,2241.595947,-976.851257,0.1205,0.001788,inf,0.7724,1.0,977.09,10.0,7.7241,12.3789,12.3789,0.7724,0.2276,9.5616,2.8174
157,1.0,97,100,3,0.03,0.0895,97.0,60.0,26.19,18.0,1.455,1.6167,26.09,0.0,1703.1,60,0.984,0.826,9480,2381.254395,-970.408203,0.1213,0.001865,inf,0.769,1.0,970.65,-14.0,10.7657,8.19,8.19,0.0,1.0,0.0,8.19
158,1.0,97,104,7,0.0673,0.0895,97.0,60.0,22.57,18.0,1.254,1.6167,22.47,0.0,1519.89,60,0.968,0.812,9540,2503.625488,-969.007324,0.1224,0.001887,inf,0.7661,1.0,969.29,0.0,0.0,4.5712,4.5712,0.0,1.0,0.0,4.5712
159,1.0,96,100,4,0.04,0.0894,96.0,60.0,24.96,18.0,1.3867,1.6,24.86,0.0,1697.04,60,0.977,0.839,9600,2420.068848,-988.863708,0.1237,0.001962,inf,0.7699,1.0,989.16,-1.0,0.7699,6.96,6.96,0.0,1.0,0.0,6.96
160,1.0,101,103,2,0.0194,0.0893,101.0,60.0,28.34,18.0,1.5744,1.6833,28.24,0.0,1673.09,60,0.98,0.875,9660,2500.059326,-997.345032,0.1253,0.002033,inf,0.768,1.0,997.6,5.0,3.8399,10.3388,10.3388,0.768,0.232,7.9401,2.3988
161,1.0,107,111,4,0.036,0.0893,107.0,60.0,28.24,18.0,1.5691,1.7833,28.14,0.0,1676.97,60,0.976,0.789,9720,2864.023682,-979.403625,0.1273,0.002196,inf,0.7697,1.0,979.67,6.0,4.6181,10.2441,10.2441,0.7697,0.2303,7.8847,2.3595
162,1.0,108,110,2,0.0182,0.0892,108.0,60.0,30.44,18.0,1.6909,1.8,30.34,0.0,1825.86,60,0.978,0.818,9780,2622.759766,-995.776611,0.1292,0.002158,inf,0.7698,1.0,996.08,1.0,0.7698,12.4364,12.4364,0.7698,0.2302,9.5741,2.8622
163,1.0,98,104,6,0.0577,0.0891,98.0,60.0,23.75,18.0,1.3192,1.6333,23.65,0.0,1372.03,60,0.979,0.871,9840,2899.973389,-1019.048218,0.1309,0.002393,inf,0.7712,1.0,1019.34,-10.0,7.7117,5.7462,5.7462,0.0,1.0,0.0,5.7462
164,1.0,92,98,6,0.0612,0.0891,92.0,60.0,21.97,18.0,1.2204,1.5333,21.87,0.0,1267.31,60,0.978,0.831,9900,3241.983887,-990.634094,0.1328,0.002679,inf,0.7586,1.0,990.92,-6.0,4.5518,3.9673,3.9673,0.0,1.0,0.0,3.9673
165,1.0,98,100,2,0.02,0.089,98.0,60.0,27.44,18.0,1.5244,1.6333,27.34,0.0,1649.22,60,0.982,0.83,9960,3309.137451,-1009.963257,0.1348,0.002756,inf,0.7741,1.0,1010.27,6.0,4.6447,9.44,9.44,0.7741,0.2259,7.3077,2.1323
166,1.0,105,107,2,0.0187,0.0889,105.0,60.0,29.54,18.0,1.641,1.75,29.44,0.0,1961.94,60,0.981,0.816,10020,3302.777344,-1032.077881,0.1372,0.002931,inf,0.7724,1.0,1032.4,7.0,5.4068,11.5374,11.5374,0.7724,0.2276,8.9114,2.626
167,1.0,111,116,5,0.0431,0.0889,111.0,60.0,28.52,18.0,1.5842,1.85,28.42,0.0,1744.24,60,0.977,0.873,10080,3419.788086,-1026.182861,0.1401,0.003071,inf,0.7701,1.0,1026.49,6.0,4.6208,10.5155,10.5155,0.7701,0.2299,8.0984,2.4171
168,1.0,98,101,3,0.0297,0.0888,98.0,60.0,26.49,18.0,1.4716,1.6333,26.39,0.0,1536.65,60,0.976,0.828,10140,3374.64502,-1017.309448,0.1435,0.002922,inf,0.767,1.0,1017.64,-13.0,9.9704,8.4891,8.4891,0.0,1.0,0.0,8.4891
169,1.0,102,105,3,0.0286,0.0887,102.0,60.0,27.69,18.0,1.5381,1.7,27.59,0.0,1621.35,60,0.965,0.884,10200,3943.451904,-1049.17749,0.1473,0.003627,inf,0.7681,1.0,1049.56,4.0,3.0724,9.6857,9.6857,0.7681,0.2319,7.4396,2.2461
170,1.0,97,100,3,0.03,0.0887,97.0,60.0,26.19,18.0,1.455,1.6167,26.09,0.0,1718.45,60,0.98,0.884,10260,4428.059082,-1028.545898,0.1515,0.004189,inf,0.7644,1.0,1028.89,-5.0,3.822,8.19,8.19,0.0,1.0,0.0,8.19
171,1.0,99,102,3,0.0294,0.0886,99.0,60.0,26.79,18.0,1.4882,1.65,26.69,0.0,1524.75,60,0.975,0.853,10320,3813.962891,-1056.578247,0.156,0.0042,inf,0.7752,1.0,1056.98,2.0,1.5505,8.7882,8.7882,0.7752,0.2248,6.8129,1.9754
172,1.0,105,106,1,0.0094,0.0885,105.0,60.0,30.51,18.0,1.695,1.75,30.41,0.0,1779.6,60,0.978,0.877,10380,5007.379395,-1028.227783,0.1613,0.00515,inf,0.7657,1.0,1028.63,6.0,4.5941,12.5094,12.5094,0.7657,0.2343,9.5782,2.9312
173,1.0,102,104,2,0.0192,0.0885,102.0,60.0,28.64,18.0,1.591,1.7,28.54,0.0,1900.3,60,0.977,0.866,10440,6153.470703,-1087.343994,0.1669,0.009849,inf,0.7738,1.0,1087.79,-3.0,2.3213,10.6385,10.6385,0.0,1.0,0.0,10.6385
174,1.0,91,92,1,0.0109,0.0884,91.0,60.0,26.31,18.0,1.4617,1.5167,26.21,0.0,1660.5,60,0.975,0.916,10500,10886.324219,-1043.115234,0.1727,0.027216,inf,0.7766,1.0,1043.67,-11.0,8.5427,8.3109,8.3109,0.0,1.0,0.0,8.3109
175,1.0,116,122,6,0.0492,0.0883,116.0,60.0,29.1,18.0,1.6164,1.9333,29.0,0.0,1536.22,60,0.979,0.915,10560,15351.875,-548.656982,0.1778,0.015073,inf,0.7674,1.0,549.18,25.0,19.1842,11.0951,11.0951,0.7674,0.2326,8.514,2.5811
176,1.0,102,108,6,0.0556,0.0883,102.0,60.0,24.93,18.0,1.3852,1.7,24.83,0.0,1684.12,60,0.963,0.916,10620,1899.929565,-847.838623,0.1828,0.004167,inf,0.7855,1.0,848.43,-14.0,10.997,6.9333,6.9333,0.0,1.0,0.0,6.9333
177,1.0,105,108,3,0.0278,0.0882,105.0,60.0,28.58,18.0,1.588,1.75,28.48,0.0,1896.47,60,0.981,0.904,10680,735.480713,-888.214722,0.1898,0.001214,inf,0.77,1.0,888.82,3.0,2.3099,10.5833,10.5833,0.77,0.23,8.149,2.4344
178,1.0,110,114,4,0.0351,0.0881,110.0,60.0,29.14,18.0,1.6189,1.8333,29.04,0.0,1787.12,60,0.977,0.91,10740,1033.673096,-877.657349,0.1961,0.003175,inf,0.775,1.0,878.17,5.0,3.875,11.1404,11.1404,0.775,0.225,8.6338,2.5066
179,1.0,91,91,0,0.0,0.0881,91.0,60.0,27.3,18.0,1.5167,1.5167,27.2,0.0,1742.45,60,0.964,0.907,10800,1867.068237,-893.491211,0.2009,0.006153,inf,0.7754,1.0,894.14,-19.0,14.7317,9.3,9.3,0.0,1.0,0.0,9.3
180,1.0,119,120,1,0.0083,0.088,119.0,60.0,34.71,18.0,1.9282,1.9833,34.61,0.0,1948.2,60,0.98,0.924,10860,2075.034668,-895.496704,0.2048,0.006738,inf,0.7703,1.0,895.9,28.0,21.5683,16.7083,16.7083,0.7703,0.2297,12.8703,3.838
181,1.0,106,107,1,0.0093,0.0879,106.0,60.0,30.81,18.0,1.7116,1.7667,30.71,0.0,1751.03,60,0.966,0.825,10920,2216.943359,-898.566528,0.208,0.00706,inf,0.7698,1.0,899.14,-13.0,10.008,12.8093,12.8093,0.0,1.0,0.0,12.8093
182,1.0,101,102,1,0.0098,0.0879,101.0,60.0,29.31,18.0,1.6283,1.6833,29.21,0.0,1695.22,60,0.976,0.918,10980,2241.294434,-912.459717,0.2109,0.006669,inf,0.7699,1.0,912.99,-5.0,3.8494,11.3098,11.3098,0.0,1.0,0.0,11.3098
183,1.0,120,121,1,0.0083,0.0878,120.0,60.0,35.01,18.0,1.9449,2.0,34.91,0.0,2069.66,60,0.979,0.858,11040,2300.212891,-923.054016,0.2135,0.006753,inf,0.7654,1.0,923.57,19.0,14.5429,17.0083,17.0083,0.7654,0.2346,13.0184,3.9899
184,1.0,100,103,3,0.0291,0.0877,100.0,60.0,27.09,18.0,1.5049,1.6667,26.99,0.0,1358.66,60,0.968,0.878,11100,2264.188477,-931.746826,0.2156,0.006615,inf,0.7783,1.0,932.27,-20.0,15.5661,9.0874,9.0874,0.0,1.0,0.0,9.0874
185,1.0,103,107,4,0.0374,0.0877,103.0,60.0,27.05,18.0,1.5028,1.7167,26.95,0.0,1652.71,60,0.964,0.875,11160,2292.044922,-939.333313,0.2174,0.006666,inf,0.7661,1.0,939.84,3.0,2.2983,9.0495,9.0495,0.7661,0.2339,6.9327,2.1168
186,1.0,97,100,3,0.03,0.0876,97.0,60.0,26.19,18.0,1.455,1.6167,26.09,0.0,1315.26,60,0.977,0.895,11220,2471.878662,-947.536926,0.2189,0.007152,inf,0.772,1.0,948.05,-6.0,4.6319,8.19,8.19,0.0,1.0,0.0,8.19
187,1.0,103,109,6,0.055,0.0875,103.0,60.0,25.23,18.0,1.4017,1.7167,25.13,0.0,1575.95,60,0.971,0.865,11280,2551.696777,-950.315247,0.22,0.007268,inf,0.776,1.0,950.82,6.0,4.6562,7.2303,7.2303,0.776,0.224,5.611,1.6193
188,1.0,100,102,2,0.0196,0.0875,100.0,60.0,28.04,18.0,1.5577,1.6667,27.94,0.0,1443.93,60,0.972,0.83,11340,2688.486328,-950.638367,0.2206,0.007467,inf,0.7675,1.0,951.1,-3.0,2.3026,10.0392,10.0392,0.0,1.0,0.0,10.0392
189,1.0,107,114,7,0.0614,0.0874,107.0,60.0,25.53,18.0,1.4183,1.7833,25.43,0.0,1530.46,60,0.974,0.844,11400,2701.48584,-948.976685,0.221,0.00754,inf,0.77,1.0,949.44,7.0,5.39,7.5298,7.5298,0.77,0.23,5.798,1.7319
190,1.0,91,93,2,0.0215,0.0873,91.0,60.0,25.34,18.0,1.4079,1.5167,25.24,0.0,1679.2,60,0.979,0.821,11460,3022.261719,-949.692688,0.2212,0.008124,inf,0.7705,1.0,950.09,-16.0,12.3275,7.343,7.343,0.0,1.0,0.0,7.343
191,1.0,110,113,3,0.0265,0.0873,110.0,60.0,30.08,18.0,1.6711,1.8333,29.98,0.0,1678.1,60,0.964,0.805,11520,2875.256348,-967.019104,0.2212,0.008049,inf,0.7738,1.0,967.44,19.0,14.7024,12.0796,12.0796,0.7738,0.2262,9.3474,2.7323
192,1.0,104,106,2,0.0189,0.0872,104.0,60.0,29.24,18.0,1.6243,1.7333,29.14,0.0,1837.48,60,0.971,0.807,11580,2681.773438,-985.813599,0.2211,0.007968,inf,0.7753,1.0,986.25,-6.0,4.652,11.2377,11.2377,0.0,1.0,0.0,11.2377
193,1.0,99,100,1,0.01,0.0871,99.0,60.0,28.71,18.0,1.595,1.65,28.61,0.0,1751.81,60,0.97,0.846,11640,2926.120361,-984.388306,0.221,0.008051,inf,0.7741,1.0,984.86,-5.0,3.8704,10.71,10.71,0.0,1.0,0.0,10.71
194,1.0,105,108,3,0.0278,0.0871,105.0,60.0,28.58,18.0,1.588,1.75,28.48,0.0,1651.95,60,0.972,0.789,11700,2944.595215,-976.359741,0.221,0.008191,inf,0.7716,1.0,976.84,6.0,4.6293,10.5833,10.5833,0.7716,0.2284,8.1656,2.4177
195,1.0,107,108,1,0.0093,0.087,107.0,60.0,31.11,18.0,1.7283,1.7833,31.01,0.0,1893.02,60,0.98,0.817,11760,3177.231689,-972.217407,0.2214,0.009162,inf,0.7718,1.0,972.68,2.0,1.5435,13.1093,13.1093,0.7718,0.2282,10.1173,2.9919
196,1.0,102,106,4,0.0377,0.0869,102.0,60.0,26.75,18.0,1.4862,1.7,26.65,0.0,1401.14,60,0.974,0.805,11820,3822.650146,-983.132446,0.2219,0.010971,inf,0.7681,1.0,983.58,-5.0,3.8407,8.7509,8.7509,0.0,1.0,0.0,8.7509
197,1.0,94,98,4,0.0408,0.0869,94.0,60.0,24.36,18.0,1.3535,1.5667,24.26,0.0,1410.87,60,0.973,0.855,11880,3593.426025,-996.084473,0.2223,0.011206,inf,0.7752,1.0,996.51,-8.0,6.2016,6.3633,6.3633,0.0,1.0,0.0,6.3633
198,1.0,109,111,2,0.018,0.0868,109.0,60.0,30.74,18.0,1.7076,1.8167,30.64,0.0,1893.28,60,0.972,0.838,11940,3440.808105,-1010.402344,0.2228,0.011292,inf,0.7765,1.0,1010.85,15.0,11.6473,12.736,12.736,0.7765,0.2235,9.8893,2.8467
199,1.0,115,116,1,0.0086,0.0867,115.0,60.0,33.51,18.0,1.8616,1.9167,33.41,0.0,2285.42,60,0.974,0.831,12000,3536.476074,-1019.934875,0.2233,0.011549,inf,0.7802,1.0,1020.42,6.0,4.681,15.5086,15.5086,0.7802,0.2198,12.0992,3.4094
200,1.0,108,111,3,0.027,0.0867,108.0,60.0,29.48,18.0,1.6378,1.8,29.38,0.0,1855.31,60,0.96,0.864,12060,3663.035156,-1026.42688,0.2242,0.011605,inf,0.7692,1.0,1026.9,-7.0,5.3842,11.4811,11.4811,0.0,1.0,0.0,11.4811
201,1.0,107,111,4,0.036,0.0866,107.0,60.0,28.24,18.0,1.5691,1.7833,28.14,0.0,1743.89,60,0.977,0.836,12120,4001.05957,-1022.965454,0.2254,0.012426,inf,0.7713,1.0,1023.43,-1.0,0.7713,10.2441,10.2441,0.0,1.0,0.0,10.2441
202,1.0,103,106,3,0.0283,0.0865,103.0,60.0,27.98,18.0,1.5547,1.7167,27.88,0.0,1608.06,60,0.97,0.788,12180,3722.457031,-1043.357056,0.227,0.012555,inf,0.7709,1.0,1043.83,-4.0,3.0836,9.9849,9.9849,0.0,1.0,0.0,9.9849
203,1.0,110,111,1,0.009,0.0865,110.0,60.0,32.01,18.0,1.7783,1.8333,31.91,0.0,1914.76,60,0.96,0.864,12240,3742.006592,-1050.36084,0.2288,0.012534,inf,0.7668,1.0,1050.85,7.0,5.3673,14.009,14.009,0.7668,0.2332,10.7414,3.2676
204,1.0,91,93,2,0.0215,0.0864,91.0,60.0,25.34,18.0,1.4079,1.5167,25.24,0.0,1862.54,60,0.975,0.843,12300,3894.48584,-1037.95874,0.2306,0.013323,inf,0.7728,1.0,1038.45,-19.0,14.683,7.343,7.343,0.0,1.0,0.0,7.343
205,1.0,106,115,9,0.0783,0.0863,106.0,60.0,23.5,18.0,1.3058,1.7667,23.4,0.0,1369.99,60,0.966,0.821,12360,3676.024414,-1059.325073,0.2325,0.013477,inf,0.7744,1.0,1059.81,15.0,11.6165,5.5043,5.5043,0.7744,0.2256,4.2627,1.2416
206,1.0,94,100,6,0.06,0.0863,94.0,60.0,22.56,18.0,1.2533,1.5667,22.46,0.0,1411.19,60,0.971,0.801,12420,3664.536133,-1055.779175,0.2343,0.013667,inf,0.7668,1.0,1056.27,-12.0,9.2017,4.56,4.56,0.0,1.0,0.0,4.56
207,1.0,119,120,1,0.0083,0.0862,119.0,60.0,34.71,18.0,1.9282,1.9833,34.61,0.0,2396.97,60,0.971,0.912,12480,3587.116943,-1067.767822,0.2359,0.013603,inf,0.7849,1.0,1068.27,25.0,19.6229,16.7083,16.7083,0.7849,0.2151,13.1146,3.5937
208,1.0,98,100,2,0.02,0.0861,98.0,60.0,27.44,18.0,1.5244,1.6333,27.34,0.0,1761.96,60,0.968,0.844,12540,3679.178711,-1072.580811,0.2376,0.014231,inf,0.7747,1.0,1073.08,-21.0,16.2685,9.44,9.44,0.0,1.0,0.0,9.44
209,1.0,102,103,1,0.0097,0.0861,102.0,60.0,29.61,18.0,1.645,1.7,29.51,0.0,1750.66,60,0.97,0.829,12600,3571.785645,-1075.209839,0.2396,0.014599,inf,0.7771,1.0,1075.75,4.0,3.1082,11.6097,11.6097,0.7771,0.2229,9.0214,2.5883
210,1.0,101,103,2,0.0194,0.086,101.0,60.0,28.34,18.0,1.5744,1.6833,28.24,0.0,1765.97,60,0.965,0.887,12660,3406.637451,-1074.057495,0.2414,0.01459,inf,0.7711,1.0,1074.58,-1.0,0.7711,10.3388,10.3388,0.0,1.0,0.0,10.3388
211,1.0,102,103,1,0.0097,0.0859,102.0,60.0,29.61,18.0,1.645,1.7,29.51,0.0,1570.55,60,0.957,0.863,12720,3241.265137,-1100.545166,0.243,0.01399,inf,0.76,1.0,1101.05,1.0,0.76,11.6097,11.6097,0.76,0.24,8.8238,2.7859
212,1.0,99,100,1,0.01,0.0859,99.0,60.0,28.71,18.0,1.595,1.65,28.61,0.0,1681.57,60,0.965,0.856,12780,3384.956787,-1080.574707,0.2445,0.014916,inf,0.7748,1.0,1081.13,-3.0,2.3244,10.71,10.71,0.0,1.0,0.0,10.71
213,1.0,113,115,2,0.0174,0.0858,113.0,60.0,31.93,18.0,1.7742,1.8833,31.83,0.0,1886.42,60,0.977,0.855,12840,3098.900391,-1101.580322,0.2463,0.015087,inf,0.7725,1.0,1102.05,14.0,10.8151,13.9348,13.9348,0.7725,0.2275,10.7647,3.1701
214,1.0,120,123,3,0.0244,0.0857,120.0,60.0,33.07,18.0,1.8374,2.0,32.97,0.0,1756.14,60,0.966,0.869,12900,3083.138184,-1107.495117,0.248,0.015839,inf,0.7732,1.0,1108.02,7.0,5.4126,15.0732,15.0732,0.7732,0.2268,11.6551,3.4181
215,1.0,111,115,4,0.0348,0.0857,111.0,60.0,29.44,18.0,1.6355,1.85,29.34,0.0,1490.78,60,0.952,0.878,12960,3082.986572,-1099.831543,0.2502,0.015938,inf,0.7726,1.0,1100.37,-9.0,6.9531,11.4391,11.4391,0.0,1.0,0.0,11.4391
216,1.0,104,107,3,0.028,0.0856,104.0,60.0,28.28,18.0,1.5713,1.7333,28.18,0.0,1617.03,60,0.963,0.891,13020,3202.968262,-1129.046997,0.2527,0.016671,inf,0.7683,1.0,1129.56,-7.0,5.378,10.2841,10.2841,0.0,1.0,0.0,10.2841
217,1.0,117,121,4,0.0331,0.0855,117.0,60.0,31.23,18.0,1.7351,1.95,31.13,0.0,1859.11,60,0.969,0.907,13080,3514.875488,-1108.432129,0.2553,0.017995,inf,0.7745,1.0,1109.02,13.0,10.0689,13.2322,13.2322,0.7745,0.2255,10.2487,2.9835
218,1.0,99,102,3,0.0294,0.0855,99.0,60.0,26.79,18.0,1.4882,1.65,26.69,0.0,1479.95,60,0.965,0.888,13140,3432.115479,-1135.227783,0.2583,0.018354,inf,0.7745,1.0,1135.74,-18.0,13.9414,8.7882,8.7882,0.0,1.0,0.0,8.7882
219,1.0,96,101,5,0.0495,0.0854,96.0,60.0,24.05,18.0,1.336,1.6,23.95,0.0,1407.75,60,0.954,0.881,13200,3715.358398,-1118.852417,0.2613,0.02022,inf,0.777,1.0,1119.46,-3.0,2.3309,6.0475,6.0475,0.0,1.0,0.0,6.0475
220,1.0,97,99,2,0.0202,0.0853,97.0,60.0,27.14,18.0,1.5078,1.6167,27.04,0.0,1929.78,60,0.958,0.892,13260,3149.900635,-1142.559326,0.2645,0.019253,inf,0.7752,1.0,1143.11,1.0,0.7752,9.1404,9.1404,0.7752,0.2248,7.0858,2.0546
221,1.0,101,104,3,0.0288,0.0853,101.0,60.0,27.39,18.0,1.5215,1.6833,27.29,0.0,1666.83,60,0.96,0.895,13320,3290.963379,-1144.052856,0.2667,0.020424,inf,0.7672,1.0,1144.63,4.0,3.0689,9.3865,9.3865,0.7672,0.2328,7.2015,2.185
222,1.0,99,103,4,0.0388,0.0852,99.0,60.0,25.86,18.0,1.4364,1.65,25.76,0.0,1701.36,60,0.959,0.873,13380,3009.895996,-1149.956665,0.2688,0.019571,inf,0.77,1.0,1150.48,-2.0,1.54,7.8553,7.8553,0.0,1.0,0.0,7.8553
223,1.0,117,118,1,0.0085,0.0851,117.0,60.0,34.11,18.0,1.8949,1.95,34.01,0.0,2055.45,60,0.96,0.896,13440,3297.028809,-1153.070068,0.2708,0.021174,inf,0.7787,1.0,1153.67,18.0,14.0165,16.1085,16.1085,0.7787,0.2213,12.5436,3.5649
224,1.0,103,109,6,0.055,0.0851,103.0,60.0,25.23,18.0,1.4017,1.7167,25.13,0.0,1573.68,60,0.965,0.902,13500,3213.141602,-1157.923828,0.2727,0.022245,inf,0.7768,1.0,1158.49,-14.0,10.8751,7.2303,7.2303,0.0,1.0,0.0,7.2303
225,1.0,97,101,4,0.0396,0.085,97.0,60.0,25.26,18.0,1.4032,1.6167,25.16,0.0,1684.86,60,0.959,0.899,13560,3056.001953,-1172.886841,0.2749,0.021535,inf,0.7816,1.0,1173.48,-6.0,4.6898,7.2584,7.2584,0.0,1.0,0.0,7.2584
226,1.0,99,100,1,0.01,0.0849,99.0,60.0,28.71,18.0,1.595,1.65,28.61,0.0,1783.9,60,0.951,0.894,13620,3175.812988,-1166.670776,0.2768,0.022688,inf,0.7664,1.0,1167.22,2.0,1.5327,10.71,10.71,0.7664,0.2336,8.2079,2.5021
227,1.0,102,104,2,0.0192,0.0849,102.0,60.0,28.64,18.0,1.591,1.7,28.54,0.0,1727.18,60,0.95,0.883,13680,3169.132812,-1187.839111,0.2788,0.021827,inf,0.7697,1.0,1188.44,3.0,2.3092,10.6385,10.6385,0.7697,0.2303,8.1888,2.4496
228,1.0,109,111,2,0.018,0.0848,109.0,60.0,30.74,18.0,1.7076,1.8167,30.64,0.0,1977.49,60,0.948,0.889,13740,3332.318115,-1174.050293,0.281,0.02332,inf,0.7686,1.0,1174.64,7.0,5.3803,12.736,12.736,0.7686,0.2314,9.7891,2.947
229,1.0,89,89,0,0.0,0.0847,89.0,60.0,26.7,18.0,1.4833,1.4833,26.6,0.0,1512.47,60,0.946,0.896,13800,3482.461914,-1189.036011,0.2834,0.024846,inf,0.7685,1.0,1189.62,-20.0,15.3692,8.7,8.7,0.0,1.0,0.0,8.7
230,1.0,94,97,3,0.0309,0.0847,94.0,60.0,25.29,18.0,1.4052,1.5667,25.19,0.0,1503.34,60,0.943,0.886,13860,3155.360107,-1194.619629,0.2855,0.023713,inf,0.7742,1.0,1195.21,5.0,3.8708,7.2928,7.2928,0.7742,0.2258,5.6458,1.647
231,1.0,83,85,2,0.0235,0.0846,83.0,60.0,22.95,18.0,1.2748,1.3833,22.85,0.0,1128.43,60,0.961,0.927,13920,3396.183594,-1204.171631,0.2874,0.024068,inf,0.7706,1.0,1204.82,-11.0,8.4764,4.9471,4.9471,0.0,1.0,0.0,4.9471
232,1.0,94,95,1,0.0105,0.0845,94.0,60.0,27.21,18.0,1.5117,1.5667,27.11,0.0,1778.52,60,0.95,0.906,13980,2945.256104,-1206.873779,0.29,0.021704,inf,0.7737,1.0,1207.43,11.0,8.5111,9.2105,9.2105,0.7737,0.2263,7.1265,2.084
233,1.0,102,105,3,0.0286,0.0845,102.0,60.0,27.69,18.0,1.5381,1.7,27.59,0.0,1537.63,60,0.933,0.9,14040,3691.041016,-1207.383057,0.2926,0.025733,inf,0.7678,1.0,1208.02,8.0,6.1422,9.6857,9.6857,0.7678,0.2322,7.4364,2.2493
234,1.0,106,109,3,0.0275,0.0844,106.0,60.0,28.88,18.0,1.6046,1.7667,28.78,0.0,1852.35,60,0.94,0.889,14100,3466.924316,-1220.587158,0.2951,0.025055,inf,0.777,1.0,1221.13,4.0,3.1078,10.8826,10.8826,0.777,0.223,8.4553,2.4273
235,1.0,97,100,3,0.03,0.0843,97.0,60.0,26.19,18.0,1.455,1.6167,26.09,0.0,1853.28,60,0.935,0.877,14160,4127.12207,-1208.189453,0.297,0.027332,inf,0.7706,1.0,1208.85,-9.0,6.9355,8.19,8.19,0.0,1.0,0.0,8.19
236,1.0,104,107,3,0.028,0.0843,104.0,60.0,28.28,18.0,1.5713,1.7333,28.18,0.0,1555.67,60,0.957,0.921,14220,3588.349609,-1240.353271,0.2989,0.025013,inf,0.7732,1.0,1240.88,7.0,5.4121,10.2841,10.2841,0.7732,0.2268,7.9512,2.3329
237,1.0,94,98,4,0.0408,0.0842,94.0,60.0,24.36,18.0,1.3535,1.5667,24.26,0.0,1612.62,60,0.942,0.891,14280,3487.189941,-1222.902588,0.3006,0.025203,inf,0.7766,1.0,1223.54,-10.0,7.7665,6.3633,6.3633,0.0,1.0,0.0,6.3633
238,1.0,102,106,4,0.0377,0.0841,102.0,60.0,26.75,18.0,1.4862,1.7,26.65,0.0,1930.26,60,0.94,0.899,14340,3503.590332,-1246.026855,0.3018,0.025804,inf,0.7711,1.0,1246.63,8.0,6.1685,8.7509,8.7509,0.7711,0.2289,6.7475,2.0035
239,1.0,103,107,4,0.0374,0.0841,103.0,60.0,27.05,18.0,1.5028,1.7167,26.95,0.0,1805.9,60,0.945,0.879,14400,3480.478516,-1239.763184,0.303,0.026559,inf,0.7692,1.0,1240.38,1.0,0.7692,9.0495,9.0495,0.7692,0.2308,6.9608,2.0887
240,1.0,110,112,2,0.0179,0.084,110.0,60.0,31.04,18.0,1.7242,1.8333,30.94,0.0,1781.34,60,0.952,0.892,14460,3956.243652,-1240.585205,0.3052,0.028374,inf,0.77,1.0,1241.28,7.0,5.3899,13.0357,13.0357,0.77,0.23,10.0373,2.9984
241,1.0,90,90,0,0.0,0.0839,90.0,60.0,27.0,18.0,1.5,1.5,26.9,0.0,1581.6,60,0.962,0.897,14520,3933.387695,-1262.909424,0.3067,0.028053,inf,0.7656,1.0,1263.49,-20.0,15.3118,9.0,9.0,0.0,1.0,0.0,9.0
242,1.0,89,93,4,0.043,0.0839,89.0,60.0,22.87,18.0,1.2707,1.4833,22.77,0.0,1628.5,60,0.943,0.886,14580,4194.114258,-1239.231689,0.3079,0.030981,inf,0.7639,1.0,1239.88,-1.0,0.7639,4.872,4.872,0.0,1.0,0.0,4.872
243,1.0,103,106,3,0.0283,0.0838,103.0,60.0,27.98,18.0,1.5547,1.7167,27.88,0.0,1656.71,60,0.952,0.941,14640,3486.105713,-1270.377686,0.3097,0.027243,inf,0.7648,1.0,1271.0,14.0,10.7079,9.9849,9.9849,0.7648,0.2352,7.6369,2.348
244,1.0,103,105,2,0.019,0.0837,103.0,60.0,28.94,18.0,1.6077,1.7167,28.84,0.0,1639.54,60,0.935,0.9,14700,3933.067871,-1265.555054,0.3106,0.029465,inf,0.7664,1.0,1266.16,0.0,0.0,10.9381,10.9381,0.0,1.0,0.0,10.9381
245,1.0,111,115,4,0.0348,0.0837,111.0,60.0,29.44,18.0,1.6355,1.85,29.34,0.0,2149.06,60,0.94,0.911,14760,3845.45752,-1263.833862,0.3118,0.027342,inf,0.773,1.0,1264.5,8.0,6.1837,11.4391,11.4391,0.773,0.227,8.842,2.5972
246,1.0,108,110,2,0.0182,0.0836,108.0,60.0,30.44,18.0,1.6909,1.8,30.34,0.0,1961.65,60,0.928,0.878,14820,3923.234375,-1291.567749,0.3126,0.027981,inf,0.7724,1.0,1292.14,-3.0,2.3173,12.4364,12.4364,0.0,1.0,0.0,12.4364
247,1.0,103,105,2,0.019,0.0835,103.0,60.0,28.94,18.0,1.6077,1.7167,28.84,0.0,1347.04,60,0.944,0.911,14880,3994.794434,-1275.292725,0.3138,0.030201,inf,0.7694,1.0,1275.95,-5.0,3.847,10.9381,10.9381,0.0,1.0,0.0,10.9381
248,1.0,99,100,1,0.01,0.0835,99.0,60.0,28.71,18.0,1.595,1.65,28.61,0.0,1807.17,60,0.95,0.912,14940,3723.893311,-1300.057617,0.3151,0.029758,inf,0.7704,1.0,1300.59,-4.0,3.0818,10.71,10.71,0.0,1.0,0.0,10.71
249,1.0,90,92,2,0.0217,0.0834,90.0,60.0,25.04,18.0,1.3913,1.5,24.94,0.0,1619.32,60,0.943,0.908,15000,3446.20874,-1292.775635,0.3163,0.028254,inf,0.777,1.0,1293.4,-9.0,6.9932,7.0435,7.0435,0.0,1.0,0.0,7.0435
